Rank,Handle,Codeforces_Handle,Codeforces_Rating,GFG_Handle,GFG_Contest_Score,GFG_Practice_Score,Leetcode_Handle,Leetcode_Rating,Codechef_Handle,Codechef_Rating,HackerRank_Handle,HackerRank_Practice_Score,Percentile
1,21r01a7201,cmrit25_21r01a7201,0,21r01a7201,0,0,21r01a7201,0,aharshitha_31,829,21r01a7201,109,NaN%
2,21r01a7203,21r01a7203,0,21r01a7203,0,0,21r01a7203,0,cmr21r01a7203,1039,21r01a7203,20,NaN%
3,21r01a7206,21r01a7206,0,21r01a7206,0,0,21r01a7206,0,p21r01a7206,903,21r01a7206,71,NaN%
4,21r01a7207,cmrit25_21r01a7207,753,21r01a7207,0,1,21r01a7207,0,a2101a7207,1127,21r01a7207,127,NaN%
5,21r01a7209,21r01a7209,770,21r01a7209,20,17,sindhu_21r01a7209,0,sindhuja_9849,1079,21r01a7209,197,NaN%
6,21r01a7210,cmrit25_21r01a7210,834,pavan_10,63,5,pavan_7210,0,sololeveler_10,1302,21r01a7210_pavan,188,NaN%
7,21r01a7214,cmrit25_21r01a7214,759,harshinibachu,0,0,harshinibachu,0,bachuharshini,1221,21r01a7214,35,NaN%
8,21r01a7220,cmrit25_21r01a7220,0,21r01a7220,0,0,cmr_21r01a7220,0,cmr_21r01a7220,1219,21r01a7220,0,NaN%
9,21r01a7222,cmrit25_21r01a7222,0,21r01a7222,0,0,mounikad25,0,dmounika_22,968,@21r01a7222,0,NaN%
10,21r01a7223,cmrit25_21r01a7223,355,21r01aewni,0,0,21r01a7223,0,charishna,1148,@21r01a7223,0,NaN%
11,21r01a7224,cmrit25_21r01a7224,364,21r01arg58,20,0,21r01a7224,0,nikitha7224,1064,@21r01a7224,0,NaN%
12,21r01a7225,21r01a7225,350,anonymou99wv,0,0,anilgoud,0,anil66,1229,21r01a7225,111,NaN%
13,21r01a7227,,0,,0,0,,0,cmr_21r01a7227,906,prashanthkumar,0,NaN%
14,21r01a7228,21r01a7228,778,21r01anlru,0,0,user0895hf,0,yashaswini84,1231,@21r01a7228,0,NaN%
15,21r01a7229,,0,,0,0,,0,,0,,0,NaN%
16,21r01a7231,cmrit25_21r01a7231,0,21r01a7231,0,0,21r01a7231,0,sneha_7231,1134,21r01a7231,27,NaN%
17,21r01a7233,cmrit25_21r01a7233,809,siddu99,9,8,21r01a7233,0,siddu99,1322,21r01a7233,20,NaN%
18,21r01a7235,21r01a7235,367,sneha_kavali,0,0,21r01a7235,0,sneha_kavali,1038,21r01a7235,43,NaN%
19,21r01a7238,cmrit25_21r01a7238,1030,kjcreddy666,91,33,kjcreddy666,0,jai_21r01a7238,1577,21r01a7238,1071,NaN%
20,21r01a7239,cmrit25_21r01a7239,0,21r01a7239,0,1,siri_7239,0,siri_sanjana,918,21r01a7239,83,NaN%
21,21r01a7240,cmrit_21r01a7240,583,21r01aox04,39,19,21r01a7240,0,saikiran_95,1185,21r01a7240,80,NaN%
22,21r01a7241,cmrit25_21r01a7241,0,21r01a7241,0,11,21r01a7241,0,r01a7241,859,21r01a7241,164,NaN%
23,21r01a7242,,0,,0,0,,0,,0,,0,NaN%
24,21r01a7244,cmrit-21r01a7244,0,,0,0,,0,priyanka_12_03,666,21r01a7244@cmritonline.ac.in,0,NaN%
25,21r01a7245,cmrit25_21r01a7245,0,nithisha7245,0,0,nithisha45,0,nithisha_45,568,@21r01a7245,0,NaN%
26,21r01a7246,mekalasridhar,0,21r01a7246,0,0,mekalasridhar,0,sridhar46,1072,21r01a7246,0,NaN%
27,21r01a7247,cmrit25_21r01a7247,0,shadulmohaljnv,0,0,mohammad_shadulla,0,mohammadshadul,1089,21r01a7247,87,NaN%
28,21r01a7248,cmrit25_21r01a7248,0,21r01a7248,0,0,21r01a7248,0,cmr21r01a7248,611,21r01a7248,0,NaN%
29,21r01a7250,cmrit25_21r01a7250,0,21r01a7250,0,13,21r01a7250,0,adarsha_630,890,21r01a7250,128,NaN%
30,21r01a7251,cmrit25_21r01a7251,822,parvathamr94gs,10,25,21r01a7251,0,ramcharan01,1224,21r01a7251,455,NaN%
31,21r01a7252,21r01a7252_divija,355,21r01a7252,0,4,21r01a7252,0,divijapittala,1082,21r01a7252,57,NaN%
32,21r01a7253,cmrit25_21r01a7253,368,gouthami,0,7,21r01a7253,0,gouthami,0,21r01a7253,25,NaN%
33,21r01a7255,21r01a7255@cmritonline.ac.in,0,21r01a7255,30,0,21r01a7255,0,sai_21r01a7255,813,21r01a7255@cmritonline.ac.in,0,NaN%
34,21r01a7257,vaishnavi_017,692,21r01ax608,10,12,vaishnavisingireddy,0,vaishnavisingi,1313,vaishnavisingir1,28,NaN%
35,21r01a7258,cmrit25_21r01a7258,902,somajhansi6504,40,24,somajhansi7258,0,anonymous44,1373,21r01a7258,50,NaN%
36,21r01a7259,cmrit25_21r01a7259,727,arjun1515,0,17,21r01a7259,0,arjun1515,1225,21r01a7259,70,NaN%
37,21r01a7262,cmrit25_21r01a7262,800,21r01a7262,30,9,21r01a7262,0,sai_vivek04,1140,21r01a7262,132,NaN%
38,21r01a7263,gaurav_saiteja,842,,0,0,gaurav_saiteja,0,gaurav_saiteja,1232,gaurav_saiteja,0,NaN%
39,21r01a7264,,0,21r01a7264,0,9,,0,rahul_1508,962,21r01a7264,10,NaN%
40,22r05a7202,cmrit25-22r05a7202,349,22r05a7202@cmritonline.ac.in,0,0,kanakalaxmi,0,22r05a7202@cmritonline.ac.in,0,22r05a7202,73,NaN%
41,22r05a7206,cmrit25_22r05a7206,0,22r05ak3up,0,0,22r05a7206,0,r05a7206,939,22r05a7206,35,NaN%
42,21r01a0501,,0,,0,0,,0,,0,@21r01a0501,0,NaN%
43,21r01a0502,cmrit25_21r01a0502,758,21r01ak9vh,0,0,nithish_123,0,aletinithish,1281,21r01a0502,0,NaN%
44,21r01a0504,cmrit25_21r01a0504,756,21r01a0504,269,6,21r01a0504,0,madhusudhan04,1373,21r01a0504,45,NaN%
45,21r01a0507,sairajballa,362,sairajb512y,0,0,21r01a0507,0,sairaj11,0,21r01a0507,15,NaN%
46,21r01a0508,cmrit25_21r01a0508,820,21r01a0508,38,0,21r01a0508,0,vishnupriya508,1333,21r01a0508,55,NaN%
47,21r01a0509,cmrit25_21r01a0509,774,21r01a0509,108,76,bhavani_2234,0,bhavani_2234,1142,21r01a0509,309,NaN%
48,21r01a0510,cmrit25_21r01a0510,568,ranjithra88zk,20,0,ranjith_890,0,ranjith_890,1014,ranjithranji2251,5,NaN%
49,21r01a0513,cmrit_21r01a0513,893,21r01a0513,463,151,21r01a0513,0,vishwatej4,1414,21r01a0513,117,NaN%
50,21r01a0514,cmrit2025_21r01a0514,725,21r01a0514,156,67,21r01a0514,0,cmr_21r01a0514,1165,21r01a0514,45,NaN%
51,21r01a0517,21r01a0517,0,21r01a0517,0,13,21r01a0517,0,maheshdasari,900,21r01a0517,15,NaN%
52,21r01a0518,21r01a0518,765,21r01a0518,10,0,21r01a0518,0,cmr_21r01a0518,1102,21r01a0518,0,NaN%
53,21r01a0520,21r01a0520,593,21r01a0520,550,14,21r01a0520,0,premsai20,1334,21r01a0520,15,NaN%
54,21r01a0521,cmrit25_21r01a0521,821,21r01a0521,10,0,21r01a0521,0,cmr_21r01a0521,1148,21r01a0521,0,NaN%
55,21r01a0523,21r01a0523,850,21r01a0523,0,0,vedaprathik23,0,vedaprathik23,1398,21r01a0523,30,NaN%
56,21r01a0524,21r01a0524,858,21r01a0524,208,328,21r01a0524,0,akshaya_42,1213,21r01a0524,45,NaN%
57,21r01a0527,srilekha_527,347,,0,0,srilekha_3,0,tinnu_3_3,814,21r01a0527,20,NaN%
58,21r01a0528,cmrit25_21r01a0528,389,21r01a0528,219,237,21r01a0528,0,k_prakashraj17,1267,21r01a0528,50,NaN%
59,21r01a0531,cmrit25_21r01a0531,876,21r01a0531,229,18,21r01a0531,0,meg_21r01a0531,1295,21r01a0531,207,NaN%
60,21r01a0532,cmrit2025_21r01a0532,371,21r01a0532,10,13,21r01a0532,0,cmr_21r01a0532,1006,21r01a0532,20,NaN%
61,21r01a0533,cmrit25_21r01a0533,839,21r01a0533,89,35,21r01a0533,0,harikakaranam,0,21r01a0533,91,NaN%
62,21r01a0534,cmrit25_21r01a0534,842,21r01a0534,49,39,21r01a0534,0,cmrit_21r01a05,1091,21r01a0534,329,NaN%
63,21r01a0535,21r01a0535,0,srishanth,0,0,srishanth,0,srishanth_18,0,,0,NaN%
64,21r01a0536,cmrit25_21r01a0536,959,21r01a0536,0,4,21r01a0536,0,akanksha_konga,1231,21r01a0536,177,NaN%
65,21r01a0538,,0,21r01araze,0,8,,0,hansika33,906,21r01a0538,30,NaN%
66,21r01a0539,,0,21r01a0539,60,0,21r01a0539,0,yogeshmadhine,1387,21r01a0539,105,NaN%
67,21r01a0541,21r01a0541@cmritonline.ac.in,0,21r01a0541,60,0,vinuthnna_reddy,0,vin_21r01a0541,1210,21r01a0541@cmritonline.ac.in,0,NaN%
68,21r01a0543,cmrit25_21r01a0543,922,21r01a0543,128,2,santhosh_76,0,santhoshnayakm,1288,21r01a0543,26,NaN%
69,21r01a0544,cmrit25_21r01a0544,789,21r01a0544,20,27,sushma_2374,0,sushma_2374,998,21r01a0544,167,NaN%
70,21r01a0545,cmrit25_21r01a0545,804,ravi21r01a0545,129,86,21r01a0545ravi,0,ravi_1603,1350,21r01a0545,85,NaN%
71,21r01a0546,cmrit25_21r01a0546,744,sreejanarala,29,0,21r01a0546,0,sree21r01a0546,1133,21r01a0546,35,NaN%
72,21r01a0547,cmrit25_21r01a0547,576,21r01a0547_navadeep,0,0,21r01a0547,0,navadeep_1511,983,21r01a0547,35,NaN%
73,21r01a0548,cmrit25_21r01a0548,898,varshitha613,157,58,varshitha_77,0,varshitha_77,1402,21r01a0548,320,NaN%
74,21r01a0549,cmrit25_21r01a0549,884,21r01as4mb,28,21,harshithhreddy,0,harshithreddy4,1227,21r01a0549,65,NaN%
75,21r01a0550,cmrit25_21r01a0550,853,21r01a0550,183,2,21r01a0550,0,akhil_550,1266,21r01a0550,63,NaN%
76,21r01a0551,abhiram122002,1004,21r01a0551,0,124,abhiram_212,0,abhiram_2023,1388,abhiram551,15,NaN%
77,21r01a0552,21r01a0552,840,21r01a0552,30,1,21r01a0552,0,shravani52,989,21r01a0552,206,NaN%
78,21r01a0553,srijaseepathi07,798,21r01a0553,0,0,srijaseepathi07,0,srijaseepathi,1084,srijaseepathi07,37,NaN%
79,21r01a0555,,0,21r01a0555@cmritonline.ac.in,0,0,,0,sanju_555,1120,21r01a0555@cmritonline.ac.in,0,NaN%
80,21r01a0556,cmrit25_21r01a0556,788,cmr_21r01a0556,0,51,21r01a0556,0,cmr_21r01a0556,1263,21r01a0556,2,NaN%
81,21r01a0557,cmrit25_21r01a0557,874,thada_preethi,30,28,21r01a0557,0,cmr_21r01a0557,1328,21r01a0557,140,NaN%
82,21r01a0558,cmrit25_21r01a0558,806,nischaypq24,149,0,user0322sl,0,nischayreddy,1289,nischayreddy_t,0,NaN%
83,21r01a0559,cmrit25_21r01a0559,857,21r01a0559,39,0,21r01a0559,0,sravani1304,1287,21r01a0559,60,NaN%
84,21r01a0561,cmrit25__21r01a0561,822,21r01a0561,514,113,21r01a0561,0,pavanvasam577,1399,21r01a0561,165,NaN%
85,21r01a0562,21r01a0562,396,21r01a0562,0,0,vedanthkankan,0,vedanthkankan,1085,21r01a0562,35,NaN%
86,21r01a0563,21r01a0563,834,21r01a0563,60,0,21r01a0563,0,shivathmika63,993,21r01a0563,191,NaN%
87,21r01a0564,cmrit25_21r01a0564,851,akshitha12,147,36,akshitha12,0,akshitha564,1314,21r01a0564,101,NaN%
88,21r01a0565,cmrit25_21r01a0565,0,21r01ar0tu,30,20,21r01a0565_lohitha,0,cmr_21r01a0565,1081,21r01a0565,24,NaN%
89,21r01a0566,cmrit25_21r01a0566,852,21r01a1fp0,118,16,gnanitha_annavarapu,0,r01a0566,1291,21r01a0566,113,NaN%
90,21r01a0567,21r01a0567,0,21r01abk04,0,14,21r01a0567,0,saiteja567,1037,21r01a0567,128,NaN%
91,21r01a0568,,0,21r01amhbr,0,0,21r01a0568,0,deekshitha777,746,21r01a0568deekshitha,0,NaN%
92,21r01a0570,cmrit_21r01a0570,0,21r01a0570,96,15,21r01a0570,0,shreya_1_17,1162,21r01a0570,15,NaN%
93,21r01a0571,,0,,0,0,,0,,0,,0,NaN%
94,21r01a0572,cmrit25_21r01a0572,573,21r01a0572,0,14,vasundhara123,0,vasundhara2,1013,21r01a0572,75,NaN%
95,21r01a0573,,0,datta73,0,0,datta73,0,datta73,1125,21r01a0573,0,NaN%
96,21r01a0574,21r01a0574,711,21r01a0574,98,18,21r01a0574,0,cmr_21r01a0574,1008,21r01a0574,70,NaN%
97,21r01a0575,cmrit25_21r01a0575,356,21r01aauhx,0,0,21r01a0575,0,chakri26,1139,21r01a0575,110,NaN%
98,21r01a0577,cmrit25_21r01a0577,349,21r01avor9,0,0,adithya0509,0,adithya0509,1373,21r01a0577,35,NaN%
99,21r01a0578,cmrit25_21r01a0578,836,21r01a0578,60,12,21r01a0578,0,navya578,1293,21r01a0578,45,NaN%
100,21r01a0579,21r01a0579,0,21r01azt73,0,14,21r01a0579,0,akshith579,1253,darlaakshith21r01a0579,0,NaN%
101,21r01a0580,cmrit25_21r01a0580,0,21r01ahaqd,0,0,21r01a0580,0,santhosh580,1228,21r01a0580,0,NaN%
102,21r01a0581,cmrit25_21r01a0581,0,21r01a3aac,30,0,21r01a0581,0,akarsh99,1151,21r01a0581,0,NaN%
103,21r01a0582,cmrit2025_21r01a0582,566,21r01a0582,0,24,21r01a0582,0,sravya2004,1065,21r01a0582,75,NaN%
104,21r01a0583,cmrit25_21r01a0583,579,21r01a0583,0,23,21r01a0583,0,sreeja_r21,988,21r01a0583,86,NaN%
105,21r01a0584,,0,,0,0,,0,,0,21r01a0584,20,NaN%
106,21r01a0585,21r01a0585,804,21r01a0585,0,8,agent_storm,0,agent_storm,1379,agent_storm10,0,NaN%
107,21r01a0588,keerthana_588,0,jujjuvarapukeerthana@gmail.com,0,0,jujjuvarapukeerthana@gmail.com,0,,0,jujjuvarapukeerthana@gmail.com,0,NaN%
108,21r01a0589,cmrit25_21r01a0589,361,21r01ayusu,0,5,21r01a0589,0,anuh21r01a0589,1303,21r01a0589,90,NaN%
109,21r01a0590,cmrit25_21r01a0590,0,,0,0,21r01a0590,0,manikanta61,0,manikantacharan,0,NaN%
110,21r01a0591,cmrit25_21r01a0591,574,karnamvarq2le,30,13,varshith_591,0,varshith_591,1014,21r01a0591,80,NaN%
111,21r01a0593,cmrit25_21r01a0593,948,pavish2xqq,95,22,21r01a0593,0,vishnu_593,1123,@kvv21r01a0593,0,NaN%
112,21r01a0595,cmrit25_21r01a0595,585,21r01aem5o,26,38,21r01a0595,0,sadhvika12,1015,21r01a0595,145,NaN%
113,21r01a0596,21r01a0596,0,21r01avr1q,0,5,21r01a0596,0,r01a0596,1208,21r01a0596,62,NaN%
114,21r01a0597,21r01a0597,0,21r01a0597,0,0,vamshi_yadav2727,0,vamshiyadav07,1307,21r01a0597,45,NaN%
115,21r01a0598,,0,,0,0,,0,,0,priyanshraj15,0,NaN%
116,21r01a05a0,21r01a05a0,0,21r01a05a0shadab01,0,0,21r01a05a0,0,21r01a05a0shadab01,0,21r01a05a0,0,NaN%
117,21r01a05a1,cmrit25_21r01a05a1,770,21r01a0q5z,25,30,21r01a05a1,0,mehrajfatima,1127,21r01a05a1,247,NaN%
118,21r01a05a2,cmrit25_21r01a05a2,0,21r01a05a2,0,0,21r01a05a2,0,s21ro1ao5a2,1170,21r01a05a2,95,NaN%
119,21r01a05a3,cmrit25_21r01a05a3,976,21r01a05a3,64,21,21r01a05a3,0,rahilsubhan,1340,21r01a05a3,136,NaN%
120,21r01a05a5,cmrit25_21r01a05a5,362,muddasaniramya,28,0,ramyamuddasani,0,ramyamuddasani,967,21r01a05a5,104,NaN%
121,21r01a05a6,cmrit25_21r01a05a6,943,harishblia,40,15,21r01a05a6,0,harishgo764,1314,harishgo764,84,NaN%
122,21r01a05a8,cmrit25_21r01a05a8,367,21r01a05a8,10,8,21r01a05a8,0,pallavi2004,1152,21r01a05a8,112,NaN%
123,21r01a05b0,21r01a05b0,0,21r01a05b0,0,0,21r01a05b0,0,surabhi_nanda,1094,@21r01a05b0,0,NaN%
124,21r01a05b2,purella_abhilash,0,21r01a16da,0,0,21r01a05b2,0,,0,21r01a05b2,0,NaN%
125,21r01a05b3,,0,,0,0,pavanipuja,0,pavanipuja,1097,21r01a05b3,186,NaN%
126,21r01a05b6,cmrit25_21r01a05b6,792,21r01a05b6,65,16,21r01a05b6,0,samrah10,1174,@21r01a05b6,0,NaN%
127,21r01a05b7,cmrit25_21r01a05b7,362,21r01a05b7,10,29,21r01a05b7,0,ramya_b7,956,@21r01a05b7,0,NaN%
128,21r01a05c0,cmrit25_21r01a05c0,971,21r01a05c0,349,107,21r01a05c0,0,tanirukavyasri,1303,21r01a05c0,204,NaN%
129,21r01a05c2,cmrit25_21r01a05c2,381,cmr_21r01a05c2,20,0,21r01a05c2,0,sravanikumari,849,21r01a05c2,20,NaN%
130,21r01a05c4,cmrit25_21r01a05c4,0,21r01a05c4,0,0,21r01a05c4,0,ribbu_0230,501,21r01a05c4,56,NaN%
131,21r01a05c8,cmrit25_21r01a05c8,356,21r01anhzo,0,0,shanmukh2410,0,shanmukh2410,956,21r01a05c8,106,NaN%
132,21r01a05c9,cmrit25_21r01a05c9,359,21r01ab981,0,17,21r01a05c9,0,hamsika5c9,991,21r01a05c9,140,NaN%
133,21r01a05d1,21r01a05d1cmrit25,0,21r01a05d1,10,2,21r01a05d1,0,21r01a05d1,0,21r01a05d1,0,NaN%
134,21r01a05d2,rana_9325,853,21r01a0ybx,80,0,21r01a05d2,0,rana_9325,1261,21r01a05d2,0,NaN%
135,21r01a05d3,cmrit25_21r01a05d3,841,21r01a05d3,212,41,21r01a05d3,0,edith3000,1335,21r01a05d3,456,NaN%
136,21r01a05d4,21r01a05d4,347,21r01a05d4,10,18,21r01a05d4,0,bhavana00,821,21r01a05d4,20,NaN%
137,21r01a05d5,,0,,0,0,21r01a05d5,0,keerthana1017,631,21r01a05d5,5,NaN%
138,21r01a05d6,cmrit25_21r01a05d6,763,21r01a05d6,69,0,21r01a05d6,0,julie14,1043,21r01a05d6,15,NaN%
139,21r01a05d7,cmrit25_21r01a05d7,779,21r01a05d7,20,2,21r01a05d7,0,akanksha_0304,1010,21r01a05d7,15,NaN%
140,21r01a05d8,b_sai_charan99,758,21r01a4moz,70,0,21r01a05d8,0,sai21r01a05d8,1280,21r01a05d8cmrit1,0,NaN%
141,21r01a05d9,21r01a05d9,586,21r01a05d9,29,45,21r01a05d9,0,s_21r01a05d9,878,21r01a05d9,128,NaN%
142,21r01a05e0,tejabathini70,371,tejabat54e6,0,0,naveenbathini,0,naveenbathini3,1183,@tejabathini70,0,NaN%
143,21r01a05e1,charan_boga,724,21r01a05e1,49,19,21r01a05e1,0,cmr_21r01a05e1,954,21r01a05e1,149,NaN%
144,21r01a05e2,cmrit25_21r01a05e2,735,21r01a05e2,0,29,21r01a05e2,0,cmr_21r01a05e2,868,21r01a05e2,55,NaN%
145,21r01a05e4,,0,,0,0,,0,,0,,0,NaN%
146,21r01a05e5,cmrit25_21r01a05e5,828,cmrit25_21r01a05e5,57,4,21r01a05e5,0,csashish,1195,21r01a05e5,39,NaN%
147,21r01a05e6,21r01a05e6,788,21r01a05e6,30,5,21r01a05e6,0,cmr_21r01a05e6,812,21r01a05e6,0,NaN%
148,21r01a05f0,cmrit25_21r01a05f0,871,ajaygaj99e1,96,18,explorer245,0,explorer245,1138,21r01a05f0,5,NaN%
149,21r01a05f1,cmrit25_21r01a05f1,852,21r01a05f1,10,53,21r01a05f1,0,vynika2004,1069,21r01a05f1,139,NaN%
150,21r01a05f2,21r01a05f2,769,21r01a05f2,0,25,21r01a05f2,0,sketch5f2,975,21r01a05f2,59,NaN%
151,21r01a05f3,cmrit25_21r01a05f3,0,21r01a05f3,0,26,21r01a05f3,0,cmr_21r01a05f3,801,21r01a05f3,119,NaN%
152,21r01a05f5,navaneeth5f5,0,21r01acqbq,0,8,navaneeth1103,0,navaneeth1103,1249,kalavalanavanee1,0,NaN%
153,21r01a05f9,cmrit25_21r01a05f9,908,sanjana_54,238,62,sanjana_54,0,sanjana_54,1379,21r01a05f9,123,NaN%
154,21r01a05g0,rishivaran5g0,599,21r01ao3tc,40,1,rishivaran,0,rishivaran5go,1197,@21r01a05g0,0,NaN%
155,21r01a05g2,cmrit25_21r01ao5g2,0,21r01a05g2,0,15,sumith12,0,sumith12,866,21r01a05g2,25,NaN%
156,21r01a05g3,21r01a05g3,367,21r01a05g3,30,18,21r01a05g3,0,cse_21r01a05g3,1132,21r01a05g3,53,NaN%
157,21r01a05g4,cmrit25_21r01a05g4,0,21r01a05g4,0,11,21r01a05g4,0,r01a05g4,1204,21r01a05g4,5,NaN%
158,21r01a05g5,cmrit25_21r01a05g5,617,ruthikc11kv,40,2,ruthikchary,0,ruthik25,951,21r01a05g5,0,NaN%
159,21r01a05g6,cmrit25_21r01a05g6,722,21r01a05g6,50,22,21r01a05g6,0,cmr_21r01a05g6,1159,21r01a05g6,107,NaN%
160,21r01a05g8,,0,21r01a05g8,0,30,,0,,0,21r01a05g8,18,NaN%
161,21r01a05g9,cmrit25_21r01a05g9,0,21r01a05g9,49,0,21r01a05g9,0,srivarsha_31,896,21r01a05g9,112,NaN%
162,21r01a05h0,cmrit25_21r01a05h0,962,21r01a05h0,231,2,21r01a05h0,0,gowtham_sagar7,1413,21r01a05h0,20,NaN%
163,21r01a05h2,cmrit25_21r01a05h2,973,21r01aymik,199,2,21r01a05h2,0,cmr_21r01a05h2,1400,rakeshpadamatin1,30,NaN%
164,21r01a05h3,cmrit25_21r01a05h3,874,prashanthn60z,56,0,prashanth_padige07,0,prashanth64,1321,21r01a05h3,12,NaN%
165,21r01a05h4,21r01a05h4,610,21r01aqj42,0,10,21r01a05h4,0,mallika1321,1026,21r01a05h4,50,NaN%
166,21r01a05h6,cmrit25_21r01a05h6,809,21r01a05h6,208,3,21r01a05h6,0,vaishnavi_5h6,1225,21r01a05h6,10,NaN%
167,21r01a05h7,cmrit25_21r01a05h7,809,21r01aezhm,29,13,21r01a05h7,0,sharanya34,0,21r01a05h7,25,NaN%
168,21r01a05h8,cmrit25_21r01a05h8,822,21r01a05h8,49,8,21r01a05h8,0,cmr_21r01a05h8,1060,21r01a05h8,47,NaN%
169,21r01a05h9,,0,,0,0,,0,,0,,0,NaN%
170,21r01a05j0,cmrit25_21r01a05j0,363,21r01a05j0,0,15,21r01a05j0,0,sr21r01a05j0,1051,21r01a05j0,85,NaN%
171,21r01a05j1,cmrit25_21r01a05j1,870,21r01a05j1,50,0,21r01a05j1,0,srikar741,1241,21r01a05j1,0,NaN%
172,21r01a05j2,21r01a05j2,621,21r01a05j2,0,0,21r01a05j2,0,ahmed4849,1279,21r01a05j2,19,NaN%
173,21r01a05j3,cmrit25_21r01a05j3,942,21r01a05j3,89,17,21r01a05j3,0,sravani173,1387,21r01a05j3,75,NaN%
174,21r01a05j4,cmrit25_21r01a05j4,902,21r01a05j4,70,0,gopikrishna,0,r01a05j4,1159,21r01a05j4,45,NaN%
175,21r01a05j5,cmrit25_21r01a05j5,697,21r01a05j5,70,29,sreenath_5j5,0,sreenath_5j5,1162,21r01a05j5,25,NaN%
176,21r01a05j6,cmrit25_21r01a05j6,815,21r01awu1y,90,11,21r01a05j6,0,hima21r01a05j6,1304,21r01a05j6,5,NaN%
177,21r01a05j7,vishnuabhi,745,21r01a05j7,69,2,cmr_21r01a05j7,0,vishnu_5j7,938,vishnu_5j7,102,NaN%
178,21r01a05j8,cmrit25_21r01a05j8,0,21r01aq09q,50,0,21r01a05j8lt,0,tevinj8,1095,hckrj8,0,NaN%
179,21r01a05k0,21r01a05k0,0,21r01a05k0,20,0,cmr_21r01a05k0,0,cmr_21r01a05k0,0,@21r01a05k0,0,NaN%
180,21r01a05k1,v.preethi,355,21r01a05k1,0,0,21r01a05k1,0,preethivarthya,739,21r01a05k1preethi,0,NaN%
181,21r01a05k3,cmrit25_21r01a05k3,360,21r01a05k3,0,19,21r01a05k3,0,ruthvik5k3,1073,21r01a05k3,20,NaN%
182,21r01a05k5,cmrit25_21r01a05k5,868,21r01a05k5,89,7,veerendra74,0,veerendra74,1305,21r01a05k5,56,NaN%
183,21r01a05k6,,0,21r01a05k6,0,1,21r01a05k6,0,cmr_21r01a05k6,904,21r01a05k6,0,NaN%
184,21r01a05k7,cmrit25_21r01a05k7,369,21r01a05k7,0,9,21r01a05k7,0,cmrit5k7,910,21r01a05k7,139,NaN%
185,21r01a05k8,cmrit25_21r01a05k8,827,21r01a05k8,197,16,21r01a05k8,0,srujan_20,1439,21r01a05k8,40,NaN%
186,21r01a05l0,,0,21r01a05l0,0,3,manognakumar,0,manognakumar,1467,21r01a05l0_manu,55,NaN%
187,21r01a05l1,,0,21r01a05l1cmrit,0,0,21r01a05l1cmrit,0,selveenagrace0,911,21r01a05l1cmrit,15,NaN%
188,21r01a05l4,cmrit_21r01a05l4,598,cmrit_21r01a05l4,0,0,cmrit_harish5628,0,cmrit_harish5628,0,21r01a05l4,8,NaN%
189,21r01a05l6,cmrit_21r01a05l6,0,21r01a05l6,0,4,21r01a05l6,0,ranjith_20,1120,21r01a05l6,90,NaN%
190,21r01a05m1,cmrit25_21r01a05m1,578,21r01a05m1,0,0,21r01a05m1,0,cmr_21r01a05m1,1452,21r01a05m1,0,NaN%
191,21r01a05m2,cmrit25_21r01a05m2,357,21r01an1s6,0,18,21r01a05m2,0,r01a05m2,1036,21r01a05m2,50,NaN%
192,21r01a05m3,,0,21r01a4b5o,0,0,21r01a05m3,0,gowthami_2003,0,21r01a05m3,0,NaN%
193,21r01a05m4,cmrit25_21r01a05m4,802,21r01acgdz,147,11,21r01a05m4,0,sunil5m4,1324,21r01a05m4,27,NaN%
194,21r01a05m5,cmrit25_21r01a05m5,869,21r01a05m5,70,24,21r01a05m5,0,hemanth_463,1076,21r01a05m5,142,NaN%
195,21r01a05m6,cmrit25_21r01a05m6,348,21r01acr0e,0,0,21r01a05m6,0,r01a05m6,1012,21r01a05m6,20,NaN%
196,21r01a05m7,21r01a05m7,826,21r01a05m7,0,8,21r01a05m7,0,prasad_00,1027,21r01a05m7,82,NaN%
197,21r01a05m8,cmrit25_21r01a05m8,0,21r01a05m8,0,0,21r01a05m8,0,sahithi_136,930,21r01a05m8,30,NaN%
198,21r01a05m9,21r01a05m9,760,21r01a05m9,0,6,21r01a05m9,0,vishnu93,1020,21r01a05m9,45,NaN%
199,21r01a05n4,21r01a05n4,0,21r01a05n4,0,3,bhargavi,0,bhargavi,0,bhargavi,0,NaN%
200,21r01a05n5,cmrit25_21r01a05n5,578,21r01aw4dd,0,20,21r01a05n5,0,r01a05n5,1001,21r01a05n5,55,NaN%
201,21r01a05n6,,0,21r01a05n6,0,2,21r01a05n6,0,cmr_21r01a05n6,0,21r01a05n6,20,NaN%
202,21r01a05n7,cmrit25_21r01a05n7,758,21r01a05n7,100,11,21r01a05n7,0,cmr_21r01a05n7,1301,21r01a05n7,15,NaN%
203,21r01a05n8,cmrit25-21r01a05n8,827,karthik_51,82,20,karthik_51,0,karthik_51,1407,21r01a05n8,53,NaN%
204,21r01a05n9,21r01a05n9,350,21r01a05n9,0,12,21r01a05n9,0,manohar1012,0,21r01a05n9,10,NaN%
205,21r01a05p0,21r01a05p0,822,21r01az74y,0,16,shva7,0,cmr_21r01a05p0,986,21r01a05p0,49,NaN%
206,21r01a05p1,,0,,0,0,,0,,0,pavan,0,NaN%
207,21r01a05p4,cmrit25_21r01a05p4,817,21r01a05p4,59,16,21r01a05p4,0,cmr_21r01a05p4,1095,21r01a05p4,147,NaN%
208,21r01a05p5,cmrit25_21r01a05p5,926,21r01a05p5,59,18,21r01a05p5,0,cmr_21r01a05p5,1143,21r01a05p5,123,NaN%
209,21r01a05p6,,0,21r01a05p6,0,7,21r01a05p6,0,nainika_215p6,887,21r01a05p6,40,NaN%
210,21r01a05p8,cmrit25_21r01a05p8,843,rohan_adepu,0,47,21r01a05p8@cmritonline.ac.in,0,rohan_adepu,827,21r01a05p8rohan,216,NaN%
211,21r01a05p9,21r01a05p9,351,21r01a05p9,30,10,21r01a05p9,0,hari05p9,1080,21r01a05p9,50,NaN%
212,21r01a05q1,21r01a05q1,0,21r01a05q1,0,0,21r01a05q1,0,manish5q1,657,21r01a05q1,0,NaN%
213,21r01a05q2,cmrit25_21r01a05q2,0,21r01a05q2,0,0,mahendra45,0,mahendra45,1170,21r01a05q2,5,NaN%
214,21r01a05q5,alshay5q5,360,21r01a05q5,0,6,akshay5q5,0,akshay5q5,654,21r01a05q5,15,NaN%
215,21r01a05q7,,0,21r01au8ud,0,3,21r01a05q7,0,ttanvi,0,21r01a05q7,15,NaN%
216,21r01a05q8,21r01a05q8,360,,0,0,u21r01a05q8,0,u21r01a05q8,975,21r01a05q8,15,NaN%
217,21r01a05q9,21r01a05q9,0,cmrit25_21r01a05q9,0,0,,0,cmrit25_21r01a05q9,0,21r01a05q9,0,NaN%
218,21r01a05r0,,0,,0,0,21r01a05r0,0,cmr_21r01a05r0,1173,,0,NaN%
219,21r01a05r3,cmrit25_21r01a05r3,1041,21r01a05r3,302,33,21r01a05r3,0,bhanuprakash75,1445,21r01a05r3,378,NaN%
220,21r01a05r4,cmrit25_21r01a05r4,698,21r01a05r4,0,18,21r01a05r4shravani,0,sravs_76,804,21r01a05r4,102,NaN%
221,21r01a05r6,cmrit25_21r01a05r6,826,21r01a05r6,10,17,21r01a05r6,0,cmr_21r01a05r6,1077,21r01a05r6,119,NaN%
222,21r01a05r7,21r01a05r7cse,801,cmrit_21r01a05r7,0,15,21r01a05r7,0,cmr21r01a05r7,607,yerranagulaanusha21r01a05r7,0,NaN%
223,22r05a0501,cmrit25_22r05a0501,828,abbagouni22501,39,6,22r05a0501,0,bhavani2003,1252,22r05a0501,173,NaN%
224,22r05a0502,22r05a0502,750,22r05a0502,40,27,22r05a0502,0,srujan22502,1066,22r05a0502,40,NaN%
225,22r05a0503,22r05a0503,876,22r05a0503,135,38,22r05a0503,0,s22r05a0503,1237,22r05a0503,166,NaN%
226,22r05a0504,,0,22r05a0504,0,0,,0,22r05a0504,0,22r05a0504,0,NaN%
227,22r05a0505,cmrit25_22r05a0505,700,cmrit_22r05a0505,246,16,22r05a0505,0,praveen784,1249,22r05a0505,85,NaN%
228,22r05a0507,cmrit25_22r05a0507,798,22r05a0507,0,20,n22r05a0507,0,n22r05a0507,1026,@22r05a0507,0,NaN%
229,22r05a0510,22r05a0510,604,22r05a0510,0,0,22r05a0510,0,22r05a0510,0,22r05a0510,20,NaN%
230,22r05a0512,cmrit25_22r05a0512,829,22r05a0512,40,0,22r05a0512,0,kalyani2003,1270,22r05a0512,95,NaN%
231,22r05a0513,,0,22r05a0513,0,19,22r05a0513,0,saichandra513,0,22r05a0513,67,NaN%
232,22r05a0514,kodam1,893,22r05a0514,89,4,22r05a0514,0,kodam1,1275,22r05a0514,9,NaN%
233,22r05a0515,cmrit25_22r05a0515,768,22r05asq20,22,16,sahithilakkarasu,0,sahithi_2702,1216,22r05a0515,122,NaN%
234,22r05a0518,22r05a0518,861,22r05a0518,0,0,22r05a0518,0,venu22r05a0518,970,22r05a0518,50,NaN%
235,22r05a0520,cmrit25_22r05a0520,911,cmrit25_22r05a0520,77,26,22r05a0520,0,ramupalla912,1094,22r05a0_520,196,NaN%
236,22r05a0521,cmrit25_22r05a0521,765,22r05a0521,80,31,22r05a0521,0,dhanu521,1174,22r05a0521,179,NaN%
237,22r05a0522,cmrit25_22r05a0522,356,22r05azmsf,0,1,22r05a0522,0,sunny522,1057,22r05a0522,45,NaN%
238,22r05a0524,,0,22r05atpli,0,5,22r05a0524,0,shivani524,1100,@22r05a0524,0,NaN%
239,22r05a0525,,0,22r05a0525,0,16,22r05a0525,0,cmr22r05a0525,0,,0,NaN%
240,22r05a0526,cmrit25_22r05a0526,578,nethikarewl,0,1,22r05a0526,0,r05a0526,1091,22r05a0526,47,NaN%
241,22r05a0509,22r05a0509,586,22r05a0509,0,0,sruthi66,0,sruthi66,912,22r05a0509,20,NaN%
242,21r01a6601,21r01a6601,775,,0,0,21r01a6601,0,s21r01a6601,905,21r01a6601,185,NaN%
243,21r01a6602,21r01a6602,774,21r01a6602,49,13,cmr_21r01a6602,0,cmr_21r01a6602,880,21r01a6602,227,NaN%
244,21r01a6605,cmrit25_21r01a6605,773,21r01a6605,0,9,21r01a6605,0,cmr_21r01a6605,1081,21r01a6605,29,NaN%
245,21r01a6606,cmrit25_21r01a6606,842,21r01a6606,0,0,21r01a6606,0,chandravathi,1074,_21r01a6606,189,NaN%
246,21r01a6607,cmrit25_21r01a6607,0,21r01a6607,0,2,21r01a6607,0,sri_21r01a6607,1040,21r01a6607,0,NaN%
247,21r01a6608,,0,,0,0,,0,,0,,0,NaN%
248,21r01a6609,,0,21r01abvpo,0,0,21r01a669,0,a21r01a6609,978,@21r01a6609,0,NaN%
249,21r01a6610,cmrit25_21r01a6610,602,21r01an34e,0,0,subodh994,0,subodd994,0,subodh,0,NaN%
250,21r01a6611,cmrit25_21r01a6611,758,21r01ax1n6,0,4,21r01a6611,0,b21r01a6611,898,21r01a6611,306,NaN%
251,21r01a6613,cmrit25_21r01a6613,355,21r01a98ql,0,18,21r01a6613,0,sheershitha_77,1062,21r01a6613,167,NaN%
252,21r01a6614,cmrit25_21r01a6614,730,21r01a6614,0,23,dsaibhavani,0,dsaibhavani,1087,21r01a6614,114,NaN%
253,21r01a6615,cmrit25_21r01a6615,728,21r01a6615,25,0,21r01a6615,0,cmr21r01a6615,895,21r01a6615,65,NaN%
254,21r01a6616,,0,21r01ackt3,0,2,21r01a6616,0,â˜…saiteja630,0,@21r01a6616,0,NaN%
255,21r01a6618,cmrit25_21r01a6618,855,21r01a96ng,130,2,21r01a6618,0,gs1103,1025,21r01a6618,456,NaN%
256,21r01a6619,cmrit__2521r01a6619,826,sricharanteja,0,8,21r01a6619,0,sricharanteja9,1100,21r01a6619,25,NaN%
257,21r01a6620,cmrit_2521r01a6620,707,21r01anamx,0,27,21r01a6620,0,shrivarshini_1,908,21r01a6620,195,NaN%
258,21r01a6621,,0,,0,0,,0,,0,,0,NaN%
259,21r01a6622,cmrit25_21r01a6622,584,21r01a6622,0,30,21r01a6622,0,bhoomikacmr_16,1072,21r01a6622,203,NaN%
260,21r01a6623,cmrit25_21r01a6623,711,kneharedo1ck,135,7,nehakalimela,0,nehareddy1904,1061,21r01a6623,330,NaN%
261,21r01a6624,,0,21r01a6624,0,1,21r01a6624,0,,0,21r01a6624,10,NaN%
262,21r01a6625,cmrit25_21r01a6625,357,21r01a6625,0,0,21r01a6625,0,chakradar09,1043,,0,NaN%
263,21r01a6626,,0,,0,0,,0,,0,,0,NaN%
264,21r01a6627,cmrit25_21r01a6627,588,nikhitha_2604,30,2,nikhitha_2604,0,nikhitha_2604,1179,21r01a6627,90,NaN%
265,21r01a6629,cmrit25_21r01a6629,375,21r01a6629,0,0,21r01a6629,0,deepak_029,1043,21r01a6629,20,NaN%
266,21r01a6630,cmrit25_21r01a6630,843,adhinath,0,26,adhinath_9393,0,adhinath_9393,1091,adhinath_k,257,NaN%
267,21r01a6631,cmrit25_21r01a6631,809,21r01a6631,0,28,21r01a6631,0,cmr_21r01a6631,1109,21r01a6631,120,NaN%
268,21r01a6632,cmrit25_21r01a6632,867,21r016632,172,0,21r01a6632,0,manishkumar_11,1168,21r01a6632,436,NaN%
269,21r01a6633,cmrit25_21r01a6633,781,21r01a6633,0,12,sairam_sagar,0,sairam_33,780,cmrit_21r01a6633,210,NaN%
270,21r01a6634,cmrit25_21r01a6634,723,21r01a6634,222,1,nikitha92,0,nikitha92,0,nikithareddy,0,NaN%
271,21r01a6635,cmrit25_21r01a6635,873,mdabdulkadeer,0,11,mdabdulkadeer,0,mdabdulkadeer,1168,21r01a6635,115,NaN%
272,21r01a6636,21r01a6636,785,21r01a6636,0,0,21r01a6636,0,h21r01a6636,1040,21r01a6636,119,NaN%
273,21r01a6637,,0,,0,0,21r01a6637,0,y21r01a6637,899,21r01asema,0,NaN%
274,21r01a6638,cmrit25_21r01a6638,769,21r01a6638,0,2,menganisaikiran,0,cmr_21r01a6638,1001,21r01a6638,50,NaN%
275,21r01a6640,cmrit25_21r01a6640,789,elena_jakaes,49,14,elena_jakaes,0,suji_jakaes,969,suji_jakaes,378,NaN%
276,21r01a6641,21r01a6641,741,21r01a6641,0,32,21r01a6641,0,ashritha92,1048,21r01a6641,197,NaN%
277,21r01a6642,21r01a6642,712,21r01a6642,0,6,21r01a6642,0,mani_6642,1014,21r01a6642,30,NaN%
278,21r01a6644,cmrit25_21r01a6644,599,21r01aozhy,10,0,s21r01a6644,0,s21r01a6644,1054,21r01a6644,0,NaN%
279,21r01a6645,,0,,0,0,,0,cmr21r01a6645,772,,0,NaN%
280,21r01a6647,21r01a6647,0,21r01a6647,0,8,21r01a6647,0,cmr21r01a6647,979,@21r01a6647,0,NaN%
281,21r01a6648,cmrit25_21r01a6648,822,21r01a6648,0,39,21r01a6648,0,cmr_21r01a6648,967,21r01a6648,267,NaN%
282,21r01a6650,cmrit25_21r01a6650,584,21r01a6650,0,13,21r01a6650,0,indu_sri2209,906,21r01a6650,210,NaN%
283,21r01a6652,cmrit25_21r01a6652,361,priyansigupta,30,0,priyansigupta,0,priyansi_29,1046,21r01a6652,75,NaN%
284,21r01a6653,,0,21r01a6653@cmritonline.ac.in,0,0,,0,,0,,0,NaN%
285,21r01a6654,cmrit25_21r01a6654,354,21r01a7zg7,0,4,kitu_4414,0,saikrishna414,1068,21r01a6654,10,NaN%
286,21r01a6655,21r01a6655,0,21r01aoqdn,0,35,21r01a6655,0,sahil216655,863,@21r01a6655,0,NaN%
287,21r01a6657,cmrit25_21r01a6657,880,21r01ab99c,0,28,snehal_593,0,snehal_593,952,21r01a6657,177,NaN%
288,21r01a6658,,0,,0,0,,0,,0,,0,NaN%
289,21r01a6661,,0,banni2261,0,0,banni2261,0,banni2261,0,banni2261,0,NaN%
290,21r01a6663,,0,rakeshvooradi,0,1,rakesh4100,0,rakesh4100,922,21r01a6663,0,NaN%
291,21r01a6664,cmrit25_21r01a6664,762,21r01a6664,0,14,21r01a6664,0,vignesh_2763,991,21r01a6664,85,NaN%
292,21r01a6665,21r01a6665,851,21r01a6665,37,34,abhishekabramaina,0,abhishek202002,1114,21r01a6665,31,NaN%
293,21r01a6666,cmrit25_21r01a6666,883,21r01a6666,79,0,21r01a6666,0,cmr_21r01a6666,1245,21r01a6666,125,NaN%
294,21r01a6668,,0,,0,0,,0,,0,,0,NaN%
295,21r01a6669,cmrit25_21r01a6669,800,21r01apm60,175,12,21r01a6669,0,21r01a6669,0,21r01a6669,182,NaN%
296,21r01a6670,cmrit25_21r01a6670,814,vidhya_6670,0,0,vidhya_6670,0,vidhya_6670,1232,vidhya_6670,0,NaN%
297,21r01a6672,cmrit25_21r01a6672,849,21r01a6672,89,63,21r01a6672,0,sanjana_6672,1232,21r01a6672,397,NaN%
298,21r01a6673,cmrit25_21r01a6673,739,srivarshini,0,0,21r01a6673,0,varshini8,1235,srivarshini,0,NaN%
299,21r01a6674,,0,,0,0,,0,,0,,0,NaN%
300,21r01a6675,21r01a6675,0,21r01ae7gl,0,5,21r01a6675,0,varsha_146,1120,21r01a6675,55,NaN%
301,21r01a6676,cmrit25_21r01a6676,876,21r01a0lxc,30,18,21r01a6676,0,navaketanb1910,1204,21r01a6676,197,NaN%
302,21r01a6677,cmrit25_21r01a6677,830,siddesh122,114,6,21r01a6677,0,siddesh122,1446,21r01a6677,5,NaN%
303,21r01a6678,,0,,0,0,,0,,0,,0,NaN%
304,21r01a6679,21r01a6679,0,21r01avavz,0,4,21r01a6679,0,lahari51,671,21r01a6679,95,NaN%
305,21r01a6680,cmrit25_21r01a6680,789,21r01a6680,39,27,chabhilash,0,chabhilash,1083,@21r01a6680,0,NaN%
306,21r01a6682,cmrit25_21r01a6682,933,21r01asoh5,0,11,21r01a6682,0,cmr_21r01a6682,1146,21r01a6682,152,NaN%
307,21r01a6683,manohar_eldhandi,894,21r01a6683,85,0,manohareldhandi,0,mano2003,1003,21r01a6683,51,NaN%
308,21r01a6685,cmrit25_21r01a6685,812,koushik_04,0,0,koushik2003,0,saikoushik04,1315,21r01a6685,103,NaN%
309,21r01a6687,cmrit25_21r01a6687,840,21r01a6687,19,56,ashwitha1702,0,ashwitha3610,904,21r01a6687,408,NaN%
310,21r01a6688,21r01a6688,562,21r01a6688,0,2,21r01a6688,0,cmrit_21r01a6688,0,21r01a6688,10,NaN%
311,21r01a6689,cmrit25_21r01a6689,783,21r01a6689,0,31,ashwini_21r01a6689,0,ashu21r01a6689,1072,21r01a6689,279,NaN%
312,21r01a6690,cmrit25_21r01a6690,863,21r01a10bg,126,32,21r01a6690,0,kbaakash12345,1107,21r01a6690,107,NaN%
313,21r01a6691,,0,,0,0,,0,,0,,0,NaN%
314,21r01a6692,cmrit25_21r01a6692,586,21r01a6692,0,0,21r01a6692,0,cmr_21r01a6692,1037,21r01a6692,50,NaN%
315,21r01a6693,21r01a6693,785,21r01alz21,10,4,adithya2210,0,adithya2210,1292,21r01a6693,133,NaN%
316,21r01a6696,cmrit25_21r01a6696,857,21r01a6696,161,35,21r01a6696,0,siddharth291,1155,21r01a6696,122,NaN%
317,21r01a6697,,0,,0,0,,0,,0,,0,NaN%
318,21r01a6698,,0,,0,0,,0,,0,,0,NaN%
319,21r01a6699,cmrit25_21r01a6699,835,21r01ay00k,0,0,aparna_235,0,aparna_235,961,21r01a6699,194,NaN%
320,21r01a66a0,cmrit25_21r01a66a0,828,srilekha_152,165,2,66a0,0,srilekha_152,1314,21r01a66a0,169,NaN%
321,21r01a66a1,cmrit25_21r01a66a1,873,21r01aspay,231,2,cmr_21r01a66a1,0,cmr_21r01a66a1,1402,21r01a66a1,139,NaN%
322,21r01a66a2,cmrit25_21r01a66a2,725,sandy_m0,10,18,sandeepmanepally,0,sandy_m0,1160,21r01a66a2,84,NaN%
323,21r01a66a3,21r01a66a3,796,21r01aup3f,40,30,21r01a66a3,0,manisha_75,1144,21r01a66a3,145,NaN%
324,21r01a66a4,cmrit25_21r01a66a4,0,21r01a0pqr,0,4,sai_pratheeka_,0,pratheekaa4,713,21r01a66a4,72,NaN%
325,21r01a66a5,cmrit25_21r01a66a5,810,21r01al8fu,0,0,21r01a66a5,0,cmr_21r01a66a5,1326,21r01a66a5,90,NaN%
326,21r01a66a6,cmrit25_21r01a66a6,846,21r01ac1bc,0,37,yousufansari,0,yousufansari,1102,@21r01a66a6,0,NaN%
327,21r01a66a9,21r01a66a9,841,21r01adbxu,0,9,21r01a66a9,0,cmr_21r01a66a9,784,@21r01a66a9,0,NaN%
328,21r01a66b0,cmrit25_21r01a66b0,782,21r01a66b0,0,0,21r01a66b0,0,yashwanthh,1123,21r01a66b0,149,NaN%
329,21r01a66b1,cmrit25_21r01a66b1,878,21r01a66b1,10,0,21r01a66b1,0,nishanth069,1186,21r01a66b1,141,NaN%
330,21r01a66b2,21r01a66b2,868,21r01a66b2,0,16,21r01a66b2,0,xenon0096,756,21r01a66b2,15,NaN%
331,21r01a66b3,21r01a66b3,805,21r01alkr4,0,23,21r01a66b3,0,saiteja73,856,21r01a66b3,62,NaN%
332,21r01a66b4,,0,,0,0,,0,,0,,0,NaN%
333,21r01a66b5,cmrit25_21r01a66b5,769,21r01ax5wh,88,0,21r01a66b5,0,jagadeesh55,1052,21r01a66b5,35,NaN%
334,21r01a66b8,cmrit25_21r01a66b8,820,21r01a66b8,0,0,rajesh,0,21r01a66b8,0,21r01a66b8,85,NaN%
335,21r01a66c1,cmrit25_21r01a66c1.,0,21r01a66c1,0,3,21r01a66c1,0,mahesh_1709,0,21r01a66c1,30,NaN%
336,21r01a66c2,,0,21r01a2kn7,0,0,shivani_47,0,shivani_47,936,shivani_47,15,NaN%
337,21r01a66c3,cmrit25_21r01a66c3,767,21r01a66c3,0,43,21r01a66c3,0,sunitha_12,876,21r01a66c3,277,NaN%
338,21r01a66c4,cmrit25_21r01a66c4,768,nithhyya,0,0,nithya66c4,0,nithhyya,1063,21r01a66c41,120,NaN%
339,21r01a66c5,cmrit25_21r01a66c5,611,21r01a66c5,40,121,t_devendar,0,devendar7987,1045,21r01a66c5,126,NaN%
340,21r01a66c6,cmrit25_21r01a66c6,844,21r01a66c6,129,14,varshiniguptha66c6,0,varshiniguptha,1237,21r01a66c6,419,NaN%
341,21r01a66c7,cmrit25_21r01a66c7,917,21r01a66c7,202,53,21r01a66c7,0,deepikachowdar,1351,21r01a66c7,477,NaN%
342,21r01a66c8,21r01a66c8,359,21r01a8o2j,0,0,uthejreddy_vade,0,uthejreddyvade,0,21r01a66c8,45,NaN%
343,21r01a66c9,cmrit25_21r01a66c9,0,likhith_1216,0,0,likhith_1216,0,likhith_1216,1220,likhith_1216,0,NaN%
344,21r01a66d1,,0,,0,0,,0,,0,,0,NaN%
345,21r01a66d2,,0,,0,0,,0,,0,21r01a66d2,75,NaN%
346,21r01a66d4,cmrit25_21r01a66d4,0,21r01amda7,0,14,cmr_21r01a66d4,0,cmr_21r01a66d4,1183,21r01a66d4,65,NaN%
347,21r01a66d5,cmrit25_21r01a66d5,897,21r01a66d5,69,50,21r01a66d5,0,akhil7777,1063,21r01a66d5,196,NaN%
348,21r01a66d6,cmrit25_21r01a66d6,916,21r01a66d6,133,4,cmr_21r01a66d6,0,cmr_21r01a66d6,1262,21r01a66d6,205,NaN%
349,21r01a66d9,cmrit_21r01a66d9,378,21r01a66d9,0,96,cmr_21r01a66d9,0,navya_63,1093,21r01a66d9,524,NaN%
350,21r01a66e0,cmrit25_21r01a66e0,849,21r01a66e0,287,267,21r01a66e0,0,prashanth50,1088,21r01a66e0,716,NaN%
351,21r01a66e2,cmrit25_21r01a66e2,916,21r01a66e2,60,6,21r01a66e2,0,sh21r01a66e2,1060,21r01a66e2,90,NaN%
352,21r01a66e3,,0,21r01az3lh,0,4,21r01a66e3,0,meghana_2309,851,21r01a66e3,75,NaN%
353,21r01a66e4,21r01a66e4,378,21r01a6jdu,0,0,21r01a66e4,0,r01a66e4,1311,@21r01a66e4,0,NaN%
354,21r01a66e5,cmrit25_21r01a66e5,878,21r01a66e5,347,164,21r01a66e5,0,deepak216,1139,21r01a66e5,790,NaN%
355,21r01a66e6,,0,,0,0,,0,,0,,0,NaN%
356,21r01a66e9,cmrit25_21r01a66e9,779,21r01a66e9,215,0,gandla_saikiran,0,saikiran50412,1235,21r01a66e9,116,NaN%
357,21r01a66f0,,0,,0,0,,0,,0,,0,NaN%
358,21r01a66f1,,0,21r01a8ttj,0,0,21r01a66f1,0,r01a66f1,0,,0,NaN%
359,21r01a66f2,,0,,0,0,,0,,0,,0,NaN%
360,21r01a66f4,cmrit25_21r01a66f4,741,21r01a66f4,10,0,teja_sri26,0,teja_sri26,1101,21r01a66f4,128,NaN%
361,21r01a66f5,21r01a66f5,719,21r01am2b8,0,17,21r01a66f5,0,21r01a66f5,0,21r01a66f5,65,NaN%
362,21r01a66f8,cmrit25_21r01a66f8,0,21r01az5i6,0,0,21r01a66f8,0,keerthi24h,776,21r01a66f8,98,NaN%
363,21r01a66g0,21r01a66g0,358,anagarikareddy,0,22,21r01a66g0,0,anagarika,0,21r01a66g0@cmritonline.ac.in,0,NaN%
364,21r01a66g1,cmrit25_21r01a66g1,702,21r01a66g1,30,33,21r01a66g1,0,pavan138,949,21r01a66g1,162,NaN%
365,21r01a66g2,,0,,0,0,,0,,0,,0,NaN%
366,21r01a66g3,,0,,0,0,,0,,0,,0,NaN%
367,21r01a66g4,cmrit25_21r01a66g4,364,21r01a66g4,0,40,navya_66g4,0,navya66g4,838,@21r01a66g4,0,NaN%
368,21r01a66g5,21r01a66g5,0,21r01a66g5,0,15,ljampanna,0,jampannag5,0,21r01a66g5,112,NaN%
369,21r01a66g9,,0,,0,0,,0,,0,,0,NaN%
370,21r01a66h0,cmrit25_21r01a66h0,873,shivakumar_245,0,31,21r01a66h0,0,shivakumar_245,1241,21r01a66h0,221,NaN%
371,21r01a66h1,cmrit25_21r01a66h1,990,moturiadithyasai,216,39,cmr_21r01a66h1,0,adithya_09,1424,21r01a66h1,231,NaN%
372,21r01a66h2,,0,21r01a66h2,0,5,21r01a66h2,0,cmr_21r01a66h2,808,21r01a66h2,0,NaN%
373,21r01a66h3,,0,21r01a0x4f,0,0,cmrit_25_21r01a66h3,0,vyshnavi_1705,0,21r01a66h3,20,NaN%
374,21r01a66h5,cmrit25_21r01a66h5,759,21r01a66h5@cmritonline.ac.in,0,0,21r01a66h5,0,pavithra_12,926,21r01a66h5,277,NaN%
375,21r01a66h6,cmrit25_21r01a66h6,646,anshitha_pallem,0,0,anshi_pallem,0,anshi_pallem,1075,21r01a66h6,150,NaN%
376,21r01a66h8,cmrit25_21r01a66h8,958,,0,0,akshayram,0,akshayram,1104,21r01a66h8,93,NaN%
377,21r01a66j1,cmrit25_21r01a66j1,0,21r01a66j1,0,9,21r01a66j1,0,yeshwanth_5085,0,21r01a66j1,60,NaN%
378,21r01a66j2,r01a66j2,0,21r01a66j2,79,0,21r01a66j2,0,21r01a66j2,0,21r01a66j2,179,NaN%
379,21r01a66j3,cmrit25_21r01a66j3,362,21r01a66j3,0,10,21r01a66j3,0,cmrit25_21r01a66j3,0,cmrit_21r01a66j3,85,NaN%
380,21r01a66j4,,0,21r01aaq6n,0,0,,0,t21r01a66j4,0,,0,NaN%
381,21r01a66j5,,0,21r01ah8qh,0,0,satla_varshini,0,varshini_123,0,21r01a66j5,50,NaN%
382,21r01a66j7,cmrit25_21r01a66j7,0,21r01ab7js,0,0,21r01a66j7,0,irfanshaik24,889,21r01a66j7,15,NaN%
383,21r01a66j8,umesh,0,umesh_1021,0,0,21r01a66j8,0,umesh_1021,0,umesh_1021,0,NaN%
384,21r01a66j9,,0,,0,0,,0,,0,,0,NaN%
385,21r01a66j0,,0,raghavva5ljf,0,0,raghav-k,0,raghavk30,1302,@21r01a66j01,0,NaN%
386,21r01a66k0,,0,,0,0,,0,yamini_1101,0,21r01a66k0,95,NaN%
387,21r01a66k1,sneha2884,691,21r01a66k1sneha,30,0,21r01a66k1,0,r01a66k1,917,21r01a66k1,0,NaN%
388,21r01a66k3,,0,navya_0229,0,0,,0,navya_0229,0,navya_0229,0,NaN%
389,22r05a6603,cmrit25_22r05a6603,756,cheedallaso5l0,0,0,srinidhi_cheedalla,0,srinidhi89,944,cheedallasrinidhi22r05a6603,0,NaN%
390,22r05a6604,cmrit25_22r05a6604,787,thanojsrlibh,10,1,22r05a6604thanoj,0,thanojsriman,1046,22r05a6604thanoj,27,NaN%
391,22r05a6608,22r05a6608,739,22r05a6608,0,8,22r05a6608,0,abhishek4044,1033,22r05a6608,25,NaN%
392,22r05a6609,22r05a6609,0,22r05a8dmk,0,2,22r05a6609,0,balakrishna52,886,@22r05a6609,0,NaN%
393,22r05a6610,cmrit25_22r05a6610,716,22r05acnoi,10,2,22r05a6610r,0,sairohith0822,760,22r05a6610,25,NaN%
394,22r05a6611,cmrit25_22r05a6611,843,22r05a6611,39,19,22r05a6611,0,sinu19,1122,22r05a6611,117,NaN%
395,22r05a6612,saikiran_6612,860,22r05agr07,50,12,,0,saikiran_6612,1135,22r05a6612,56,NaN%
396,22r05a6613,cmrit25_22r05a6613,867,22r05a6613,50,25,22r05a6613,0,cmr_22r05a6613,1089,22r05a6613,122,NaN%
397,22r05a6614,cmrit25_22r05a6614,787,22r05a6614,9,2,22r05a6614,0,govardhan14,1165,cmr_22r05a6614,0,NaN%
398,22r05a6617,22r05a6617,916,22r05a6617,0,0,22r05a6617,0,s22r05a6617,927,22r05a6617,125,NaN%
399,22r05a6618,cmrit25_22r05a6618,766,22r05a1feu,100,41,naveen1008,0,velpulanaveen9,1195,22r05a6618,80,NaN%
400,22r05a6619,cmrit25_22r05a6619,0,22r05algsd,0,15,22r05a6619,0,bhavika_21,1238,bhavika6619,0,NaN%
401,22r05a6620,,0,,0,0,,0,,0,,0,NaN%
402,21r01a7301,cmrit25_21r01a7301,754,21r01ao4pu,35,0,ab031,0,ab013,1133,21r01a7301,120,NaN%
403,21r01a7302,,0,,0,0,,0,,0,,0,NaN%
404,21r01a7306,,0,,0,0,,0,,0,,0,NaN%
405,21r01a7307,cmr_21r01a7307,743,21r01amgxn,60,3,cmr_21r01a7307,0,shashidhar07,1138,21r01a7307,25,NaN%
406,21r01a7308,saketh08,0,21r01asaz1,0,0,saketh08,0,saketh08,0,21r01a7308,0,NaN%
407,21r01a7309,cmrit25_21r01a7309,876,21r01a7309,0,0,21r01a7309,0,abhinav_781,1179,21r01a7309,35,NaN%
408,21r01a7311,,0,,0,0,,0,,0,,0,NaN%
409,21r01a7313,21r01a7313,885,21r01a7313,0,11,21r01a7313,0,jay21r01a7313,980,21r01a7313,45,NaN%
410,21r01a7316,21r01a7316,726,21r01a7316,0,15,21r01a7316,0,madhan45,1012,21r01a7316,40,NaN%
411,21r01a7317,21r01a7317,751,21r01a7317,60,0,21r01a7317,0,sridhar7317,1015,21r01a7317,35,NaN%
412,21r01a7318,21r01a7318cmrit,727,,0,0,,0,cmr_21r01a7318,680,21r01a7318,5,NaN%
413,21r01a7319,21r01a7319,829,21r01ai408,39,2,ganeshjadav,0,g21r01a7319,1010,21r01a7319,50,NaN%
414,21r01a7320,,0,21r01a7320,0,0,21r01a7320,0,21r01a7320,0,21r01a7320,0,NaN%
415,21r01a7321,cmrit25_21r01a7321,834,21r01a7321,7,118,,0,vaishnavii1312,930,21r01a7321,435,NaN%
416,21r01a7322,21r01a7322@cmritonline.ac.in,0,21r01a7322,0,0,21r01a7322,0,ramya_7322,0,21r01a7322,125,NaN%
417,21r01a7327,,0,,0,0,,0,,0,,0,NaN%
418,21r01a7328,21r01a7328,931,21r01a7328,0,11,prudhvi-12,0,prudhvi28,1231,21r01a7328,35,NaN%
419,21r01a7329,,0,,0,0,,0,,0,,0,NaN%
420,21r01a7332,,0,,0,0,,0,,0,,0,NaN%
421,21r01a7336,,0,,0,0,,0,,0,,0,NaN%
422,21r01a7340,,0,,0,0,,0,,0,jahnavi,0,NaN%
423,21r01a7342,cmrit25_21r01a7342,823,21r01a7nsm,60,83,21r01a7342,0,cmr_21r01a7342,1441,21r01a7342,333,NaN%
424,21r01a7343,cmrit25_21r01a7343,742,21r01a7343,142,36,21r01a7343,0,sruthi38,990,21r01a7343,459,NaN%
425,21r01a7344,21r01a7344,0,21r01aordp,0,12,21r01a7344,0,cmr_21r01a7344,693,21r01a7344,45,NaN%
426,21r01a7345,cmrit25_21r01a7345,1134,cmr_21r01a7345,120,29,cmr_21r01a7345,0,cmr_21r01a7345,1073,21r01a7345,71,NaN%
427,21r01a7347,sadanand26,806,21r01aeapc,0,31,21r01a7347,0,sadanand26,1061,21r01a7347,75,NaN%
428,21r01a7348,cmrit25_21r01a7348,846,21r01a7348,143,18,21r01a7348,0,keerthana_7348,985,21r01a7348,142,NaN%
429,21r01a7350,cmrit25_21r01a7350,693,21r01a3jrc,9,39,21r01a7350,0,good_learner09,956,21r01a7350,193,NaN%
430,21r01a7351,,0,,0,0,,0,,0,21r01a7351,74,NaN%
431,21r01a7352,21r01a7352,701,21r01aqea9,0,0,21r01a7352,0,cmri21r01a7352,686,@21r01a7352,0,NaN%
432,21r01a7353,cmrit25_21r01a7353,0,21r01a7353,0,29,21r01a7353,0,hain21r01a7353,770,21r01a7353,254,NaN%
433,21r01a7354,,0,,0,0,,0,,0,,0,NaN%
434,21r01a7357,21r01a7357,0,21r01ara1p,0,53,21r01a7357,0,cmr21r01a7357,1201,21r01a7357,200,NaN%
435,21r01a7360,thumusanjay000,820,thumusanjay000,0,0,tumusanjay000,0,tumusanjay,1390,thumusanjay000,0,NaN%
436,21r01a7362,cmrit25_21r01a7362,554,21r01a7362,415,385,narayansharma09,0,narayansharma,1478,21r01a7362,5,NaN%
437,21r01a7363,cmrit25_21r01a7363,789,21r01akthx,0,25,21r01a7363,0,vinayreddy3,1055,21r01a7363,70,NaN%
438,21r01a7364,,0,,0,0,,0,,0,,0,NaN%
439,21r01a7365,cmr_21r01a7365,0,21r01a7365,0,100,21r01a7365,0,cmr_21r01a7365,406,21r01a7365,589,NaN%
440,22r05a7302,22r05a7302,931,22r05a7302,148,241,22r05a7302,0,charanteja45,1417,22r05a7302,169,NaN%
441,22r05a7304,nagendra7304,0,22r05a29c2,0,17,22r05a7304,0,nagendra7304,947,22r05a7304,50,NaN%
442,22r05a7307,22r05a7307,0,22r05akuoq,0,44,22r05a7307,0,cmr22r05a7307,0,22r05a7307,170,NaN%
443,22r05a7305,22r05a7305,370,22r05awrct,40,18,22r05a7305,0,mani22r05a7305,1014,22r05a7305,90,NaN%
444,21r01a6701,21r01a6701,813,21r01a6701,0,11,sanjay701,0,sanjay6701,1110,21r01a6701,109,NaN%
445,21r01a6702,cmrit25_21r01a6702,0,21r01a6702,0,2,21r01a6702,0,deekshithardy,1018,21r01a6702,50,NaN%
446,21r01a6703,cmrit25_21r01a6703,695,21r01a6703,0,9,21r01a6703,0,a21r01a6703,955,21r01a6703,50,NaN%
447,21r01a6704,cmrit25_21r01a6704,0,,0,0,,0,mahi6704,1167,21r01a6704,80,NaN%
448,21r01a6706,dilipkumar970,0,bonagiridiltph3,0,0,bonagiridilipkumar970,0,dilipkumar970,1185,bonagiridilipku1,8,NaN%
449,21r01a6707,21r01a6707,0,,0,0,vishn8868,0,vishnu8868,969,21r01a6707,5,NaN%
450,21r01a6708,,0,,0,0,,0,srinika_08,975,,0,NaN%
451,21r01a6710,,0,,0,0,,0,,0,,0,NaN%
452,21r01a6711,21r01a6711,792,21r01a6711,10,0,21r01a6711,0,kartheekdama11,1155,21r01a6711,35,NaN%
453,21r01a6712,rahuldrp,825,rahuldrp,143,22,rahuldrp,0,rahuldrp,1454,rahuldrp,110,NaN%
454,21r01a6713,,0,,0,0,,0,sahithya04,1118,,0,NaN%
455,21r01a6714,cmrit25_21r01a6714,897,21r01a6714,40,51,21r01a6714,0,cmr_21r01a6714,1452,21r01a6714,158,NaN%
456,21r01a6715,vivekdunuka,748,vivek_6715,89,2,dunukavivek,0,vivekdunuka,1198,21r01a6715,0,NaN%
457,21r01a6716,,0,,0,0,,0,,0,,0,NaN%
458,21r01a6718,,0,,0,0,,0,kousthub2003,1250,@gkousthub,0,NaN%
459,21r01a6719,cmrit25_21r01a6719,776,21r01amvt4,30,591,21r01a6719,0,pujitha567,1200,21r01a6719,208,NaN%
460,21r01a6721,,0,,0,0,,0,cmr_21r01a6721,851,gampaadithya,0,NaN%
461,21r01a6722,shivaraj22,802,shivaraj,0,0,shivaraj,0,shivaraj15,1010,gandhamshivaraj,0,NaN%
462,21r01a6724,cmrit25_21r01a6724,776,21r01a6724,0,0,vyshnavi_08,0,vyshnavi08,1164,21r01a6724,80,NaN%
463,21r01a6725,cmrit25_21r01a6725,710,rakesh_2425,29,0,rakesh_2425,0,rakesh_2425,1198,rakesh_2425,0,NaN%
464,21r01a6727,cmrit25_21r01a6727,725,guru_5,10,21,guru_5,0,guru_5,1164,21r01a6727,97,NaN%
465,21r01a6728,cmrit25_21r01a6728,0,saipriyat6k7,0,0,21r01a6728,0,saipriya2003,1153,21r01a6728,35,NaN%
466,21r01a6731,cmrit25_21r01a6731,779,21r01a6731,0,11,prathyusha79,0,prathyusha79,1152,21r01a6731,110,NaN%
467,21r01a6732,cmrit25_21r01a6732,714,21r01a6732,0,0,21r01a6732,0,r01a6732,1096,21r01a6732,52,NaN%
468,21r01a6734,cmrit25_21r01a6734,728,21r01a6734,0,0,21r01a6734,0,r01a6734,1158,21r01a6734,67,NaN%
469,21r01a6737,cmrit25_21r01a6737,0,21r01a6737,0,6,bhavana_6737,0,bhavana_6737,1129,21r01a6737,30,NaN%
470,21r01a6738,cmrit25_21r01a6738,864,m_keerthi15,30,19,m_keerthi15,0,m_keerthi15,1411,21r01a6738,86,NaN%
471,21r01a6739,,0,21r01ali3f,70,0,21r01a6739,0,ali39,980,@21r01a6739,0,NaN%
472,21r01a6742,chandana_200,0,,0,0,,0,manichandana20,1090,21r01a6742,20,NaN%
473,21r01a6743,cmrit25_21r01a6743,356,nethaji_43,0,0,nethaji_43,0,nethaji_43,1264,nethaji_43,0,NaN%
474,21r01a6745,21r01a6745_cmrit25,0,,0,0,,0,sanjana81,977,,0,NaN%
475,21r01a6746,cmrit25_21r01a6746,0,21r01a6746,60,9,21r01a6746,0,p21r01a6746,1044,21r01a6746,24,NaN%
476,21r01a6750,shivabalajirongala,0,shivabalajvywn,10,3,shivabalaji,0,shivabalaji96,945,21r01a6750shiva,17,NaN%
477,21r01a6751,,0,21r01adg38,0,0,21r01a6751,0,pravallika45,1432,21r01a6751,20,NaN%
478,21r01a6752,cmrit25_21r01a6752,724,21r01a6752,10,6,snehitha_siddi,0,snehitha_siddi,1172,21r01a6752,133,NaN%
479,21r01a6755,21r01a6755,582,,0,0,21r01a6755,0,lalithya23,1284,lalithya_t,0,NaN%
480,21r01a6756,cmrit25_21r01a6756,723,21r01a6756,0,25,vyshnavi-04,0,r01a6756,1187,21r01a6756,142,NaN%
481,21r01a6758,cmrit25_21r01a6758,740,21r01a6758,165,31,nandhu2304,0,nandhu2304,1017,21r01a6758,336,NaN%
482,21r01a6760,cmrit25_21r01a6760,737,abhii_05,35,22,abhii_05,0,abhii_05,1211,21r01a6760,139,NaN%
483,21r01a6761,cmrit25_21r01a6761,832,ganesh_61,9,6,ganesh_61,0,ganesh_61,1129,21r01a6761,293,NaN%
484,21r01a6762,,0,21r01a6762,0,0,,0,s21r01a6762,804,21r01a6762,10,NaN%
485,21r01a6763,cmrit25_21r01a6763,609,,0,0,srija_reddie16,0,srija_reddie16,1129,21r01a6763,10,NaN%
486,21r01a6764,cmrit25_21r01a6764,884,21r01a6764,88,150,21r01a6764,0,vyshnavi6764,1470,21r01a6764,190,NaN%
487,21r01a6765,cmrit25_21r01a6765,903,21r01a6765,0,0,21r01a6765,0,h21r01a6765,1228,21r01a6765,90,NaN%
488,21r01a6766,cmrit25_21r01a6766,827,,0,0,srinidhi_12,0,jerry1002,1244,cmrit25_21r01a6766,0,NaN%
489,21r01a6768,21r01a6768,351,21r01a5k5x,0,6,shruthi_40,0,ballishruthi4,949,21r01a6768,40,NaN%
490,21r01a6769,cmrit25_21r01a6769,746,21r01a6769gfg,0,0,21r01a6769lt,0,bandarimahesh,1087,21r01a67691,10,NaN%
491,21r01a6772,cmrit25_21r01a6772,761,21r01axoew,10,0,21r01a6772,0,cmr_21r01a6772,987,@21r01a6772,0,NaN%
492,21r01a6773,,0,,0,0,,0,,0,,0,NaN%
493,21r01a6775,cmrit25_21r01a6775,1058,21r01a6775,205,0,21r01a6775,0,cmr_21r016775,1476,21r01a6775,97,NaN%
494,21r01a6776,cmrit25_21r01a6776,571,21r01a6776,0,19,21r01a6776,0,rajesh6776,1108,21r01a6776,149,NaN%
495,21r01a6777,,0,,0,0,,0,,0,,0,NaN%
496,21r01a6780,21r01a6780,762,,0,0,,0,21r01a6780,0,,0,NaN%
497,21r01a6781,,0,,0,0,,0,,0,,0,NaN%
498,21r01a6782,cmrit25_21r01a6782,837,manikcmrit,19,6,manikcmrit,0,r01a6782manik,1141,21r01a6782,333,NaN%
499,21r01a6783,,0,,0,0,,0,,0,,0,NaN%
500,21r01a6784,cmrit25_21r01a6784,0,21r01a6784,0,0,21r01a6784,0,21r01a6784,0,21r01a6784,0,NaN%
501,21r01a6785,21r01a6785,0,,0,0,21r01a6785,0,m21r01a6785,588,21r01a6785,0,NaN%
502,21r01a6786,cmrit25_21r01a6786,362,21r01a6786,0,0,21r01a6786,0,premsai1029,1188,21r01a6786,10,NaN%
503,21r01a6787,21r01a6787,560,21r01amgdp,29,8,21r01a6787,0,cmr_21r01a6787,1277,21r01a6787,5,NaN%
504,21r01a6788,21r01a6788,761,6788_cmrit25,29,16,21r01a6788,0,r01a6788,919,21r01a6788,179,NaN%
505,21r01a6790,21r01a6790,0,21r01a6790,0,0,tagore,0,21r01a6790,0,21r01a6790,10,NaN%
506,21r01a6793,,0,,0,0,,0,,0,,0,NaN%
507,21r01a6795,cmrit25_21r01a6795,896,,0,0,upendra456,0,upendra456,889,21r01a6795,50,NaN%
508,21r01a6796,21r01a6796,856,21r01a6796,20,0,21r01a6796,0,jukantisoumya9,922,21r01a6796,50,NaN%
509,21r01a6797,cmrit25_21r01a6797,358,21r01alizy,0,0,bhagirao,0,bhagirathrao,1187,21r01a6797,10,NaN%
510,21r01a6798,21r01a6798,868,21r01a6798,0,0,vandana_27,0,vandana2702,1114,21r01a67981,0,NaN%
511,21r01a67a0,,0,,0,0,,0,,0,,0,NaN%
512,21r01a67a4,cmrit25_21r01a67a4,903,,0,0,meghana_939,0,meghana_939,1291,21r01a67a4,102,NaN%
513,21r01a67a6,cmrit25_21r01a67a6,835,21r01a67a6,0,0,21r01a67a6,0,r01a67a6,1049,21r01a67a6,64,NaN%
514,21r01a67a7,cmrit25_21r01a67a7,786,21r01a59yv,0,0,21r01a67a7,0,s_21r01a67a7,1116,21r01a67a7,40,NaN%
515,21r01a67a8,cmrit25_21r01a67a8,870,21r01apfut,0,21,21r01a67a8,0,s21r01a67a8,1035,21r01a67a8,180,NaN%
516,21r01a67b1,cmrit25_21r01a67b1,822,21r01ari5z,30,0,21r01a67b1,0,cmr_21r01a67b1,1091,21r01a67b1,20,NaN%
517,21r01a67b2,21r01a67b2,906,21r01awke4,200,0,21r01a67b2,0,harsha67b2,1092,21r01a67b2,10,NaN%
518,21r01a67b3,,0,21r01a67b3,0,0,21r01a67b3,0,cmr_21r01a67b3,741,21r01a67b3,25,NaN%
519,21r01a67b4,r01a67b4,0,21r01a67b4@cmritonline.ac.in,0,0,pokalanandini2,0,r01a67b4,1098,pokalanandini2,0,NaN%
520,21r01a67b5,21r01a67b5,871,21r01a2k2z,29,17,21r01a67b5,0,cmr21r01a67b5,1064,21r01a67b5,80,NaN%
521,21r01a67b6,cmrit25_21r01a67b6,906,21r01a67b6,0,0,21r01a67b6,0,a_21r01a67b6,1446,21r01a67b6,60,NaN%
522,21r01a67b7,cmrit25_21r01a67b7,721,21r01a67b7,0,0,21r01a67b7,0,harshith1753,1160,21r01a67b7,18,NaN%
523,21r01a67b8,21r01a67b8,350,21r01a67b8,0,0,21r01a67b8,0,cmr_21r01a67b8,1225,21r01a67b8,0,NaN%
524,21r01a67b9,cmrit25_21r01a67b9,593,21r01a67b9,0,0,divya_411,0,divya68,901,21r01a67b9,206,NaN%
525,21r01a67c0,cmrit25_21r01a67c0,837,21r01a67c0,198,0,21r01a67c0,0,r01a67c0,1318,21r01a67c0,75,NaN%
526,21r01a67c2,cmrit25_21r01a67c2,781,21r01a67c2,0,0,21r01a67c2,0,shreeya72,1065,21r01a67c2,5,NaN%
527,21r01a67c5,,0,,0,0,,0,,0,,0,NaN%
528,21r01a67c6,,0,,0,0,,0,,0,,0,NaN%
529,21r01a67d0,,0,21r01abd8o,0,0,21r01a67d0,0,h21r01a67d0,1149,,0,NaN%
530,21r01a67d1,21r01a67d1,382,21r01alsjb,0,0,neha_ankush26,0,neha_ankush,1361,21r01a67d1,42,NaN%
531,21r01a67d3,cmrit25_21r01a67d3,363,cmrit_21r01a67d3,0,21,cmrit_21r01a67d3,0,cmrit_21r01a67d3,0,cmrit_21r01a67d3,0,NaN%
532,21r01a67d4,cmrit25_21r01a67d4,0,21r01a67d4,0,0,21r01a67d4,0,cmr_21r01a67d4,0,21r01a67d4,107,NaN%
533,21r01a67d5,cmrit25_21r01a67d5,776,cmr_21r01a67d5,0,0,cmr_21r01a67d5,0,cmr_21r01a67d5,958,cmr_21r01a67d5,0,NaN%
534,21r01a67d6,21r01a67d6,734,,0,0,21r01a67d6,0,meghana_85,1134,21r01a67d6,5,NaN%
535,21r01a67d8,21r01a67d8,358,21r01a67d8,89,5,21r01a67d8,0,deekshitha2k4,1261,21r01a67d8,190,NaN%
536,21r01a67d9,rakeshreddy11,0,,0,0,,0,,0,,0,NaN%
537,21r01a67e1,mounika_goda,759,21r01aswcv,0,0,21r01a67e1,0,mounika_goda,1341,21r01a67e1,62,NaN%
538,21r01a67e2,cmrit25_21r01a67e2,904,21r01a67e2,60,10,21r01a67e2,0,raghavendra24,1169,21r01a67e2,661,NaN%
539,21r01a67e3,cmrit25_21r01a67e3,762,21r01a67e3,22,0,21r01a67e3,0,cmr_21r01a67e3,1230,21r01a67e3,203,NaN%
540,21r01a67e4,ganesh_csd,567,ganeshe4,10,0,21r01a67e4,0,cmr_21r01a67e4,1389,@21r01a67e4,0,NaN%
541,21r01a67e5,rashmitha54,786,,0,0,,0,,0,,0,NaN%
542,21r01a67e6,cmrit25_21r01a67e6,984,21r01a67e6,0,6,21r01a67e6,0,r_21r01a67e6,1429,21r01a67e6,796,NaN%
543,21r01a67e7,ajit_04,357,21r01aecx4,0,25,21r01a67e7,0,hamilpurajit,1030,21r01a67e7,480,NaN%
544,21r01a67e8,21r01a67e8,0,21r01a67e8,0,9,21r01a67e8,0,joseph1820,628,21r01a67e8,159,NaN%
545,21r01a67f0,21r01a67f0,0,21r01a67fo,69,19,21r01a67f0,0,harish_52,1033,21r01a67f0,78,NaN%
546,21r01a67f1,cmrit25_21r01a67f1,571,21r01a67f1,0,17,kishore66,0,kishore66,1165,21r01a67f1,122,NaN%
547,21r01a67f2,cmrit25_21r01a67f2,896,21r01a67f2,381,0,21r01a67f2,0,sribro123,1389,21r01a67f2,571,NaN%
548,21r01a67f3,21r01a67f3,358,21r01a67f3,89,1,21r01a67f3,0,rithish81,1299,21r01a67f3,187,NaN%
549,21r01a67f4,cmrit25_21r01a67f4,749,21r01a67f4,0,0,21r01a67f4,0,d21r01a67f4,1139,21r01a67f4,220,NaN%
550,21r01a67f5,cmrit25_21r01a67f5,0,cmrit25_21r01a67f5,0,0,cmrit25_21r01a67f5,0,cmrit25_21r01a67f5,0,cmrit25_21r01a67f5,0,NaN%
551,21r01a67f6,21r01a67f6,879,21r01a67f6,10,0,akshaj06,0,cmr_21r01a67f6,1322,21r01a67f6,70,NaN%
552,21r01a67f7,cmrit25__21r01a67f7,921,21r01a67f7,200,12,21r01a67f7,0,s_21r01a67f7,1250,@21r01a67f7,0,NaN%
553,21r01a67f8,cmrit_21r01a67f8,971,21r01a67f8,10,9,sathwikakoduri,0,sathwikakoduri,1353,@21r01a67f8,0,NaN%
554,21r01a67f9,cmrit25_21r01a67f9,808,21r01a67f9,149,0,karthikf9,0,karthikf9,1068,21r01a67f9,422,NaN%
555,21r01a67g0,cmrit25_21r01a67g0,366,21r01a67g0,0,0,21r01a67g0,0,cmr_21r01a67g0,1147,21r01a67g0,0,NaN%
556,21r01a67g1,cmrit25_21r01a67g1,932,21r01a67g1_harishh,160,0,21r01a67g1,0,harish_1333,1311,21r01a67g1,335,NaN%
557,21r01a67g2,21r01a67g2,605,21r01a67g2,0,0,21r01a67g2,0,cmr_21r01a67g2,1209,21r01a67g2,25,NaN%
558,21r01a67g3,cmrit25_21r01a67g3,599,mayaanambiar,80,0,maya_g3,0,maya_g3,902,21r01a67g3,392,NaN%
559,21r01a67g4,21r01a67g4,0,,0,0,rasagna_2004,0,rasagna_69,0,21r01a67g4,15,NaN%
560,21r01a67g8,21r01a67g8,601,21r01a67g8,0,0,21r01a67g8,0,noor_g8,852,21r01a67g8,310,NaN%
561,21r01a67g9,cmrit25_21r01a67g9,874,21r01a67g9,25,0,narendra_3,0,narendra3,1360,21r01a67g9,179,NaN%
562,21r01a67h0,21r01a67h0,347,21r01a67h0,20,0,21r01a67h0,0,rahuloddepally,0,21r01a67h0,55,NaN%
563,21r01a67h1,cmrit25_21r01a67h1,348,chaitanya,0,0,chaitanya_4441,0,chaitanya_4441,819,chaitanya,0,NaN%
564,21r01a67h2,,0,21r01a67h2,0,0,21r01a67h2,0,cmr_21r01a67h2,0,21r01a67h2,47,NaN%
565,21r01a67h3,21r01a67h3,350,21r01a67h3,20,0,21r01a67h3,0,21r01a67h3,0,21r01a67h3,15,NaN%
566,21r01a67h4,cmrit25-21r01a67h4,833,21r01acdlh,0,0,pranay_kumar45,0,pranaykumar45,1237,21r01a67h4,42,NaN%
567,21r01a67h5,cmrit25_21r01a67h5,0,21r01a67h5,0,0,21r01a67h5,0,cmr_21r01a67h5,1164,21r01a67h5,135,NaN%
568,21r01a67h6,cmrit25_21r01a67h6,728,ramana67h6,0,7,21r01a67h6,0,ramana67h6,1332,21r01a67h6,347,NaN%
569,21r01a67h7,21r01a67h7_aashreetha,603,21r01a67h7aashreetha,40,0,21r01a67h7,0,aashreetha,1329,21r01a67h7,22,NaN%
570,21r01a67h9,cmrit25_21r01a67h9,858,21r01a67h9,159,0,21r01a67h9,0,manaswini18,1320,@21r01a67h9,0,NaN%
571,21r01a67j1,21r01a67j1,693,21r01a67j1,40,40,21r01a67j1,0,cmr_21r01a67j1,962,@21r01a67j1,0,NaN%
572,21r01a67j3,cmrit25_21r01a67j3,855,21r01a67j3,0,0,21r01a67j3,0,sasaank7,1306,21r01a67j3,326,NaN%
573,21r01a67j5,cmrit25_21r01a67j5,351,anupamasu422g,20,6,anupama_33,0,anupama_93,1308,21r01a67j5@cmritonline.ac.in,0,NaN%
574,21r01a67j7,cmrit25_21r01a67j7,780,manohar7j7,18,29,21r01a67j7,0,cmr_21r01a67j7,1081,21r01a67j7,165,NaN%
575,21r01a67j8,cmrit25_21r01a67j8,350,21r01amz9e,0,0,21r01_a67j8,0,giridhar26,979,21r01a67j8,80,NaN%
576,21r01a67k0,21r01a67k0,0,21r01a67k0,0,14,21r01a67k0,0,r01a67k0,1148,21r01a67k0,175,NaN%
577,21r01a67k1,21r01a67k1,626,21r01asqio,30,2,anushavempati,0,cmr_21r01a67k1,1118,21r01a67k1,10,NaN%
578,21r01a67k3,cmrit25_21r01a67k3,757,21r01a67k3,89,1,charan_k3,0,v21r01a67k3,1236,charan_k3,0,NaN%
579,21r01a67k4,21r01a67k4_vishnu,351,21r01a67k4,20,0,21r01a67k4,0,vishnu_a67k4,1160,21r01a67k4,35,NaN%
580,22r05a6703,,0,,0,0,,0,,0,,0,NaN%
581,22r05a6704,,0,,0,0,,0,cmr_22r05a6704,1176,,0,NaN%
582,22r05a6711,22r05a6711@cmritonline.ac.im,0,,0,0,,0,22r05a6711@cmritonline.ac.in,0,,0,NaN%
583,22r05a6713,22r05a6713,364,22r05a6713,10,8,22r05a6713,0,b22r05a6713,1322,22r05a6713,0,NaN%
584,22r05a6715,22r05a6715,0,22r05a6715,0,0,22r05a6715,0,bhavana6715,1223,22r05a6715,89,NaN%
585,22r05a6716,cmrit25_22r05a6716,373,22r05a6716,90,15,22r05a6716,0,rajashekar_67,1150,22r05a6716,164,NaN%
586,22r05a6719,,0,22r05a6719,0,0,22r05a6719,0,prashanth0023,1093,22r05a6719,10,NaN%
587,22r05a6720,srilaxmi20,0,22r05a6720,0,0,srilaxmi20,0,srilaxmi20,1166,22r05a6720,42,NaN%
588,22r05a6705,,0,dharavathshekar,0,16,dharavathshekar,0,dharavathshekar,0,,0,NaN%
589,21r01a0405,,0,,0,0,,0,,0,,0,NaN%
590,21r01a0406,,0,,0,0,nandini,0,nandini,0,nandini,0,NaN%
591,21r01a0409,cmrit25_21r01a0409,0,,0,0,,0,cmr21r01a0409,972,21r01a0409,60,NaN%
592,21r01a0410,21r01a0410,812,21r01a0410,30,4,21r01a0410,0,shivani_0410,1192,21r01a0410,32,NaN%
593,21r01a0413,cmrit25_21r01a0413,0,21r01a0413,0,0,anusha,0,21r01a0413,0,21r01a0413,60,NaN%
594,21r01a0416,cmrit25_21r01a0416,814,shashank416,20,26,shashankgurram03,0,gshashank416,1335,21r01a0416,121,NaN%
595,21r01a0417,cmrit25_21r01a0417,661,21r01a0417,19,14,21r01a0417,0,hanumanth4410,1381,21r01a0417,128,NaN%
596,21r01a0418,,0,jampuladinesh,0,0,jampuladinesh,0,dinesh_418,744,21r01a0418,70,NaN%
597,21r01a0419,cmrit25_21r01a0419,0,21r01a0419,0,0,21r01a0419,0,ganesh0_2,962,21r01a0419,90,NaN%
598,21r01a0420,21r01a0420,651,21r01a0420,10,2,21r01a0420,0,cmr_21r01a0420,1402,21r01a0420,25,NaN%
599,21r01a0421,cmrit25_21r01a0421,665,21r01a0421,19,13,vijay_kumar946,0,vijay421,1321,@21r01a0421,0,NaN%
600,21r01a0423,,0,,0,0,,0,,0,,0,NaN%
601,21r01a0424,cmrit25_21r01a0424,874,21r01ajzzz,0,5,21r01a0424,0,sravani2k23,1201,21r01a0424,161,NaN%
602,21r01a0425,cmrit25_21r01a0425,377,21r01a0425,0,0,21r01a0425,0,cmr_21r01a0425,1295,21r01a0425,60,NaN%
603,21r01a0428,cmrit_21r01a0428,369,21r01a0428,20,0,21r01a0428,0,prasad428,1260,21r01a0428,20,NaN%
604,21r01a0430,cmrit_25_21r01a0430,0,21r01a0430,0,4,lahari_1234,0,laharika_30,753,21r01a0430,132,NaN%
605,21r01a0431,21r01a0431,0,narendharreddy,0,0,narendharreddy431,0,narendharreddy431,0,21r01a0431,20,NaN%
606,21r01a0434,cmrit25_21r01a0434,350,21r01aipro,0,0,21r01a0434,0,akshu66,1060,21r01a0434,137,NaN%
607,21r01a0435,,0,cmrit_21r01a0435,0,0,cmrit_21r01a0435,0,cmr_21r01a0435,933,cmrit_21r01a0435,0,NaN%
608,21r01a0439,,0,,0,0,21r01a0439,0,nallurimanasa,0,,0,NaN%
609,21r01a0440,cmrit25_21r01a0440,0,21r01auz8t,0,0,21r01a0440,0,chanduja_21r01,1339,21r01a0440,57,NaN%
610,21r01a0441,21r01a0441,966,21r01a0441,167,2,21r01a0441,0,sunil441,1156,21r01a0441,97,NaN%
611,21r01a0442,21r01a0442,0,21r01a0442,0,0,21r01a0442,0,cmr_21r01a0442,0,21r01a0442,50,NaN%
612,21r01a0443,udaykiran,0,21r01a0443,0,0,udaykiran,0,21r01a0443,0,21r01a0443,46,NaN%
613,21r01a0444,,0,p.varsha,0,0,varsha,0,varsha,0,varsha,0,NaN%
614,21r01a0446,akhilperala,0,21r01a0446,0,0,21r01a0446,0,akhilperala,1119,cmrit_21r01a0446,25,NaN%
615,21r01a0448,cmrit25_21r01a0448,0,21r01afd3s,0,0,sanjana_0448,0,cmr21r01a0448,988,21r01a0448,55,NaN%
616,21r01a0449,21r01a0449,0,,0,0,sumanth_30,0,sumanth_49,1231,21r01a0449,57,NaN%
617,21r01a0450,,0,21r01a0450,0,0,21r01a0450,0,21r01a0450,0,21r01a0450,5,NaN%
618,21r01a0455,cmrit25_21r01a0455,0,21r01aakaq,10,2,cmr_21r01a0455,0,cmr_21r01a0455,987,21r01a0455,35,NaN%
619,21r01a0456,cmrit25_21r01a0456,0,21r01a0456,0,40,21r01a0456,0,anjaneyulu7_4,1019,21r01a0456,470,NaN%
620,21r01a0458,prasad58,622,21r01a0458,60,24,21r01a0458,0,prasad71,1321,21r01a0458,212,NaN%
621,21r01a0460,21r01a0460,357,21r01a0460,0,47,indhu_24,0,indhu_24,0,21r01a0460,171,NaN%
622,21r01a0461,cmrit25_21r01a0461,364,cmr_21r01a0461,40,0,cmr_21r01a0461,0,cmr_21r01a0461,922,cmr_21r01a0461,102,NaN%
623,21r01a0463,,0,,0,0,21r01a0463,0,cmr21r01a0463,0,21r01a0463,47,NaN%
624,21r01a0464,21r01a0464,0,,0,0,bhumika464,0,bhumika36,960,21r01a0464,97,NaN%
625,21r01a0465,cmrit25_21r01a0465,0,21r01a0465,0,0,21r01a0465,0,21r01a0465,0,21r01a0465,35,NaN%
626,21r01a0466,cmrit25_21r01a0466,691,,0,0,,0,vyshu_18,561,,0,NaN%
627,21r01a0467,cmrit25_21r01a0467,637,21r01a0467,0,0,21r01a0467,0,adithya510,1019,,0,NaN%
628,21r01a0470,,0,21r01a0470,0,0,,0,21r01a0470,0,21r01a0470,47,NaN%
629,21r01a0474,arvind412,0,21r01a2ifz,0,0,arvind_412,0,arvind412,952,chakaliaravind@21r01a0474,0,NaN%
630,21r01a0475,21r01a0475,0,krupakarreddy,0,0,21r01a0475,0,cmr_21r01a0475,963,21r01a0475,10,NaN%
631,21r01a0477,,0,,0,0,,0,,0,,0,NaN%
632,21r01a0478,cmrit25_21r01a0478,0,21r01a0478,0,0,21r01a0478,0,21r01a0478,0,21r01a0478,60,NaN%
633,21r01a0479,,0,,0,0,cmr_21r01a0479,0,cmr_21r01a0479,945,cmr_21r01a0479,0,NaN%
634,21r01a0481,rajkumarcmrit,615,,0,0,rajkumarcmrit,0,rajkumar43,0,,0,NaN%
635,21r01a0482,,0,21r01a0482,0,0,21r01a0482,0,,0,21r01a0482,0,NaN%
636,21r01a0483,cmrit25_21r01a0483,351,keerthanasg3,0,0,keerthana_sg,0,keerthanasg3,826,21r01a0483,115,NaN%
637,21r01a0484,cmrit25_21r01a0484,760,akankshagof5fs,0,0,akanksha2k23,0,akanksha2k23,828,21r01a0484,295,NaN%
638,21r01a0485,ramarao_123,793,,0,0,21r01a0485,0,ramarao444,977,21r01a0485,10,NaN%
639,21r01a0487,cmrit25_21r01a0487,357,21r01a0487,28,0,21r01a0487,0,koushik2004,801,21r01a0487,257,NaN%
640,21r01a0489,21r01a0489,0,21r01a0489,0,0,21r01a0489,0,cmr_21r01a0489,1002,21r01a0489,50,NaN%
641,21r01a0492,cmrit25_21r01a0492,0,21r01amicz,10,0,21r01a0492,0,kube21r01a0492,995,21r01a0492,99,NaN%
642,21r01a0493,cmrit25_21r01a0493,0,21r01a0493,20,0,21r01a0493,0,nand21r01a0493,1026,21r01a0493,119,NaN%
643,21r01a0494,,0,21r01a0494@vamshi,0,0,21r01a0494,0,21r01a0494@vamshi,0,21r01a0494@vamshi,0,NaN%
644,21r01a0496,cmrit25_21r01a0496,0,21r01a0496,0,0,anil496,0,anil21r01a0496,1191,21r01a0496,145,NaN%
645,21r01a0498,cmrit25_21r01a0498,641,21r01a0498,0,0,21r01a0498,0,samatha_498,1052,21r01a0498,104,NaN%
646,21r01a04a1,cmrit25_21r01a04a1,938,21r01a04a1,0,0,cmrit_21r01a04a1,0,cmr21r01a04a1,1461,21r01a04a1,77,NaN%
647,21r01a04a2,,0,,0,0,,0,,0,,0,NaN%
648,21r01a04a3,cmrit25_21r01a04a3,0,21r01ag9lb,0,0,21r01a04a3,0,en21r01a04a3,859,21r01a04a3,30,NaN%
649,21r01a04a4,,0,,0,0,,0,,0,,0,NaN%
650,21r01a04a5,,0,,0,0,,0,,0,,0,NaN%
651,21r01a04a8,,0,21r01a04a8,0,0,p.meghana,0,pettemumeghana,0,21r01a04a8,0,NaN%
652,21r01a04b1,janvipulluri_18,574,21r01ab5ys,0,0,_j21r01a04b1,0,j21r01a04b1,1001,21r01a04b1,116,NaN%
653,21r01a04b3,21r01a04b3,0,@spandana,0,0,spandana,0,spandana63,1155,21r01a04b3,45,NaN%
654,21r01a04b5,cmrit25_21r01a04b5,350,21r01a04b5,0,13,21r01a04b5,0,cmr_21r01a04b5,921,21r01a04b5,191,NaN%
655,21r01a04b8,,0,21r01a04b8,10,0,21r01a04b8,0,21r01a04b8,0,21r01a04b8,25,NaN%
656,21r01a04c3,21r01a04c3cmritonline,0,naveen_4c3,0,0,naveen_4c3,0,naveen_4c3,0,21r01a04c3,10,NaN%
657,21r01a04c6,,0,,0,0,,0,,0,,0,NaN%
658,21r01a04c7,cmrit25_21r01a04c7,790,21r01a04c7,60,1,bhavani_19,0,bhavani_92,1080,21r01a04c7,274,NaN%
659,21r01a04c8,,0,21r01a04c8,0,0,,0,21r01a04c8,0,21r01a014c8,0,NaN%
660,21r01a04d2,21r01a04d2,0,21r01a04d2,10,2,21r01a04d2,0,akshith4d2,834,21r01a04d2,228,NaN%
661,21r01a04d3,cmrit25_21r01a04d3,359,,0,0,jhansi2k23,0,jhansi2k23,782,21r01a04d3,62,NaN%
662,21r01a04d6,cmrit25-21r01a04d6,0,21r01a04d6,0,0,21r01a04d6,0,sushmitha2k23,817,21r01a04d6,57,NaN%
663,21r01a04d7,cmrit25_21r01a04d7,773,21r01a04d7,0,0,swathi2k23,0,swathi2k23,714,21r01a04d7,102,NaN%
664,21r01a04d8,,0,,0,0,,0,,0,,0,NaN%
665,21r01a04d9,cmrit25_21r01a04d9,0,cbhavaniprasad,0,0,21r01a04d9,0,bunnyy22,984,21r01a04d9,73,NaN%
666,21r01a04e0,21r01a04e0,0,21r01a04e0,0,0,pavithra,0,pavithra32,1101,21r01a04e0,104,NaN%
667,21r01a04e1,4.00e+01,0,,0,0,4.00e+01,0,preethi2k23,859,4.00e+01,0,NaN%
668,21r01a04e6,cmrit25_21r01a04e6,718,gmuma_16,10,112,gmumamaheswararao,0,gmuma_16,1078,21r01a04e6,339,NaN%
669,21r01a04e7,cmrit25_21r01a04e7,640,21r01a04e7,0,0,cmrit25_21r01a04e7,0,cmrit_21r01a04e7,0,21r01a04e7,53,NaN%
670,21r01a04f0,cmrit25_21r01a04f0,0,21r01a04f0,0,0,pradeepthi1207,0,pradeepthi1207,636,21r01a04f0,30,NaN%
671,21r01a04f1,cmrit25_21r01a04f1,0,21r01a04f1,0,0,chaitanya0721,0,chaitanya0521,0,21r01a04f1,79,NaN%
672,21r01a04f3,n21r01a04f3,0,21r01a04f3,0,0,21r01a04f3,0,n21r01a04f3,783,@21r01a04f3,0,NaN%
673,21r01a04f4,,0,21r01a04f4,0,0,,0,,0,cmrit25_21r01a04f4,0,NaN%
674,21r01a04f6,cmrit25_21r01a04f6,744,21r01a04f6,9,0,21r01a04f6,0,pranish_f6,828,21r01a04f6,265,NaN%
675,21r01a04f7,cmrit25_21r01a04f7,0,21r01a04f7,0,0,21r01a04f7,0,bindu_f7,845,21r01a04f7,258,NaN%
676,21r01a04f8,,0,,0,0,,0,,0,,0,NaN%
677,21r01a04g0,,0,,0,0,,0,,0,,0,NaN%
678,21r01a04g2,cmrit25_21r01a04g2,0,21r01a04g2,0,0,k.pranavi,0,pranavi_27,860,21r01a04g2,230,NaN%
679,21r01a04g4,cmrit25_21r01a04g4,590,21r01a04g4,0,21,21r01a04g4,0,dhathrija_28,1027,21r01a04g4,144,NaN%
680,21r01a04g5,cmrit25_21r01a04g5,790,21r01a04g5,0,0,21r01a04g5,0,shoiab_786,818,21r01a04g5,63,NaN%
681,21r01a04h9,cmrit25_21r01a04h9,0,21r01a04h9,0,1,21r01a04h9,0,adithya_h9,798,21r01a04h9,45,NaN%
682,21r01a04j0,cmrit_21r01a04j0,0,sharathraju_4j0,10,0,21r01a04j0,0,sharathraju,718,@21r01a04j0,0,NaN%
683,21r01a04j8,cmrit25_21r01a04j8,0,21r01acwpw,10,0,21r01a04j8,0,nikhil_j8,993,21r01a04j8,37,NaN%
684,21r01a04k0,21r01a04k0,800,21r01accwe,19,0,21r01a04k0,0,manojmikey,1071,21r01a04k0manoj,47,NaN%
685,21r01a04k1,cmrit_21r01a04k1,0,21r01a04k1,0,26,21r01a04k1,0,pranaykumar22,1083,21r01a04k1,117,NaN%
686,21r01a04k4,cmrit25_21r01a04k4,799,21r01a04k4,0,10,21r01a04k4,0,r01a04k4,1019,21r01a04k4,184,NaN%
687,21r01a04k9,cmrit25_21r01a04k9,563,21r01a04k9cmr,0,16,21r01a04k9,0,cmr21r01a04k9,881,21r01a04k9,168,NaN%
688,21r01a04l2,,0,,0,0,,0,,0,,0,NaN%
689,21r01a04l3,cmrit25_21r01a04l3,692,21r01a4l3,0,0,21r01a04l3,0,vamshi56,819,21r01a04l3,25,NaN%
690,21r01a04l4,cmrit25_21r01a04l4,0,21r01a04l4,0,0,21r01a04l4,0,yella04l4,954,21r01a04l4,67,NaN%
691,21r01a04l7,21r01a04l7,0,21r01ae5om,0,0,21r01a04l7,0,naveenl7,794,naveen,0,NaN%
692,21r01a04l8,,0,,0,0,,0,,0,,0,NaN%
693,21r01a04l9,21r01a04l9,0,21r01a04l9,0,0,koushik_04l9,0,koushik_4l9,948,cmrit_21r01a04l9,25,NaN%
694,21r01a04m0,,0,21r01a04m0,0,0,21r01a04m0,0,21r01a04m0,0,21r01a04m0,14,NaN%
695,21r01a04m2,cmrit25_21r01a04m2,599,21r01a04m2,0,5,21r01a04m2,0,shashikanth32,1210,21r01a04m2,52,NaN%
696,21r01a04m3,cmrit-25-21r01a04m3,869,21r01a04m3,40,32,21r01a04m3,0,swetha214m3,1176,21r01a04m3,252,NaN%
697,21r01a04m5,,0,,0,0,,0,,0,,0,NaN%
698,21r01a04m7,,0,,0,0,,0,,0,@21r01a04m7,0,NaN%
699,21r01a04m9,cmrit25_21r01a04m9,0,21r01a7xgj,0,6,21r01a04m9_cmrit,0,glavanya,827,21r01a04m9,77,NaN%
700,21r01a04n1,21r01a04n1,563,21r01a05e9,10,4,aaishwarya_11,0,a21r01a4n1,0,21r01a04n1,52,NaN%
701,21r01a04n2,cmrit25_21r01a04n2,602,21r01a13i5,10,0,21r01a04n2,0,gouthami13,1039,21r01a04n2,110,NaN%
702,21r01a04n6,guru98,0,21r01a04n6,0,0,21r01a04n6-cmrit25,0,guru98,0,@21r01a04n6,0,NaN%
703,21r01a04n9,cmrit25_21r01a04n9,0,,0,0,21r01a04n9,0,21r01a04n9,0,21r01a04n9,51,NaN%
704,21r01a04p0,cmrit25_21r01a04p0,789,kumarram,0,0,21r01a04p0,0,5may22,0,21r01a04p0,32,NaN%
705,21r01a04p1,cmrit25_21r01a04p1,564,21r01a04p1,0,4,21r01a04p1,0,s21r01a04p1,1077,21r01a04p1,93,NaN%
706,21r01a04p2,cmrit_25_21r01a04p2,782,m_vaishnavi06,0,0,21r01a04p2,0,m_vaishnavi06,729,21r01a04p2,35,NaN%
707,21r01a04p5,,0,,0,0,,0,d21r01a04p5,863,21r01a04p5,62,NaN%
708,21r01a04p7,cmrit25_21r01a04p7,0,,0,0,21r01a04p7,0,n21r01a04p7,0,21r01a04p7,55,NaN%
709,21r01a04p8,,0,21r01a04p8,0,0,,0,nethimeghana,995,,0,NaN%
710,21r01a04p9,cmrit25_21r01a04p9,0,21r01a04p9,0,0,21r01a04p9,0,p21r01a04p9,897,21r01a04p9,45,NaN%
711,21r01a04q3,cmrit25_21r01a04q3,713,21r01alhwc,0,16,cmrit_21r01a04q3,0,cmrit25_4q3,965,21r01a04q3,107,NaN%
712,21r01a04q4,cmrit25_21r01a04q4,0,ponnasri10kn,0,64,lc21r01a04q4,0,s21r01a04q4,0,21r01a04q4,77,NaN%
713,21r01a04q5,,0,21r01aciqg,0,0,21r01a04q5,0,c21r01a04q5,0,21r01a04q5,25,NaN%
714,21r01a04q7,21r01a04q7,578,21r01ae2ne,40,0,jahnavi_q7,0,jahnavi_q7,1163,21r01a04q7,65,NaN%
715,21r01a04q8,,0,,0,0,,0,,0,,0,NaN%
716,21r01a04r2,,0,21r01a04r2,0,0,21r01a04r2,0,21r01a04r2,0,21r01a04r2,35,NaN%
717,21r01a04r4,21r01a04r4,715,21r01angrz,20,0,21r01a04r4,0,s21r01a04r4,1200,21r01a04r4,60,NaN%
718,21r01a04r5,cmrit_21r01a04r5,348,21r01a04r5,0,0,21r01a04r5,0,chanduthunga,0,21r01a04r5,58,NaN%
719,21r01a04r7,21r01a04r7_cmrit,0,21r01ah779,0,0,cmrit_21r01a04r7,0,shiva4r7,1148,21r01a04r7,32,NaN%
720,21r01a04r8,cmrit_21r01a04r8,0,,0,0,likitha_r8,0,likitha_r8,1040,21r01a04r8,37,NaN%
721,21r01a04r9,cmrit25_21r01a04r9,0,21r01a04r9,0,0,21r01a04r9,0,p21r01a04r9,701,21r01a04r9,72,NaN%
722,22r05a0401,cmrit25_22r05a0401,840,22r05a0401,48,65,22r05a0401,0,cmr_22r05a0401,1117,22r05a0401,195,NaN%
723,22r05a0402,cmrit25_22r05a0402,596,22r05a0402,70,10,22r05a0402,0,nikhil402,1072,22r05a0402,25,NaN%
724,22r05a0403,cmrit_25_22r05a0403,0,22r05aphgn,10,0,rajashashank03,0,rajashashank,877,22r05a0403,25,NaN%
725,22r05a0404,cmrit25_22r05a0404,357,22r05a0404,10,0,22r05a0404,0,chandu404,1245,@22r05a0404,0,NaN%
726,22r05a0405,cmrit25_22r05a0405,0,22r05a0405,0,16,22r05a0405,0,cmr_22r05a0405,888,22r05a0405,167,NaN%
727,22r05a0408,gangireddy9,0,22r05a7p6r,0,0,22r05a0408,0,cmr_22r05a0408,1328,22r05a0408,50,NaN%
728,22r05a0409,cmrit25_22r05a0409,377,,0,0,22ro5ao409,0,ravi22ro5ao409,682,22r05a0409,124,NaN%
729,22r05a0410,cmrit25_22r05a0410,362,22r05a0ejf,10,11,22r05a0410,0,kannedeepthi_7,1113,22r05a0410,65,NaN%
730,22r05a0412,cmrit25_22r05a0412,0,,0,0,,0,mounika_90,1091,22r05a0412,34,NaN%
731,22r05a0413,cmrit25_22r05a0431,0,,0,0,tejaswini413,0,tejaswini,0,,0,NaN%
732,22r05a0414,,0,santhosh_630,0,0,,0,sai_630,1126,22r05a0414,0,NaN%
733,22r05a0415,cmrit_22r05a0415,0,,0,0,,0,yamini319,1026,22r05a0415,84,NaN%
734,22r05a0416,cmrit25_22r05a0416,775,22r05a8kn1,20,5,22r05a0416,0,charithasree27,1245,22r05a0416,230,NaN%
735,22r05a0418,cmrit25_22r05a0418,348,22r05a0418megha,39,0,22r05a0418,0,meghana48,1170,22r05a0418,63,NaN%
736,22r05a0419,cmrit25_22r05a0419,0,,0,0,,0,,0,@22r05a0419,0,NaN%
737,22r05a0420,cmirt25_22r05a0420,717,2r05azcln,0,0,bhavana420,0,bhavanareddy20,1160,22r05a0420,128,NaN%
738,22r05a0421,22r05a0421,371,22r05ai9oy,90,5,22r05a0421,0,nissar21,1293,22r05a0421,3,NaN%
739,22r05a0426,cmrit25_22r05a0426,0,22r05a0j4po,0,0,22r05a0426,0,cmr_22r05a0426,855,22r05a0426,47,NaN%
740,22r05a0427,cmrit25_22r05a0427,847,22r05a08ms,58,12,sowmika_27,0,sowmika_27,1231,22r05a0427,200,NaN%
741,22r05a0407,cmr25_22r05a0407,350,,0,0,,0,cmr22r05a0407,1168,22r05a0407,67,NaN%
742,22r05a0411,cmrit25_22r05a0411	,341,22r05a0411,0,0,22r05a0411,0,22r05a0411,0,22r05a0411,40,NaN%
743,22r05a0425,cmrit25_22r05a0425,738,22r05azmzz,0,4,22r05a0425,0,22r05a0425,0,22r05a0425,65,NaN%
744,21r01a7202,,0,abrar_waseem10,0,0,abrar_waseem10,0,abrarwaseem10,887,abrar_waseem10,0,NaN%
745,21r01a7205,21r01a7205,575,21r01a7205,0,0,21r01a7205,0,akshita_911,859,,0,NaN%
746,21r01a7208,,0,,0,0,,0,,0,,0,NaN%
747,21r01a7213,,0,21r01abuuu,0,0,21r01a7213,0,cmrit25_21r01a7213,0,21r01a7213,0,NaN%
748,21r01a7215,dhansai,692,dhanswfst,10,14,dhansaib6,0,dhansaib6,1359,dhansaib6,27,NaN%
749,21r01a7218,cmrit25_21r01a7218,358,srisrivastav863,0,4,srivastav_4327,0,cmr_21r01a7218,925,21r01a7218_cmr,27,NaN%
750,21r01a7236,,0,,0,0,,0,,0,,0,NaN%
751,21r01a7260,,0,,0,0,,0,telgadam_rahul,903,,0,NaN%
752,21r01a7261,cmrit25_21r01a7261,0,21r01a7261,0,0,21r01a7261,0,cmr21r01a7261,923,21r01a7261,20,NaN%
753,22r05a7204,cmrit25_22r05a7204,965,22r05a7204,30,2,22r05a7204,0,cmr22r05a7204,1208,22r05a7204,46,NaN%
754,21r01a0516,cmrit25_21r01a0516,360,21r01a0516,125,2,21r01a0516,0,vinuthnagoud,1135,21r01a0516,15,NaN%
755,21r01a0529,,0,,0,0,,0,,0,,0,NaN%
756,21r01a0540,21r01a0540,0,21r01agbwd,0,0,21r01a0540,0,pramodreddy78,1120,21r01a0540,26,NaN%
757,21r01a0560,cmrit2521r01a0560,601,21r01a64f2,0,0,21r01a0560,0,gangabhavani_9,858,21r01a0560,15,NaN%
758,21r01a0586,21r01a0586_shiva,0,21r01acbbt,0,2,21r01a0587,0,shiva21r01a058,992,21r01a0586,24,NaN%
759,21r01a0587,,0,21r01a0587,0,0,deekshith_87,0,deekshith_587,1232,21r01a0587,0,NaN%
760,21r01a0599,cmrit25_21r01a0599,855,sayeem,251,6,mdsayeem,0,sayeem01,1240,21r01a0599,35,NaN%
761,21r01a05c1,cmrit25_21r01a05c1,424,21r01a05c1,10,0,vaishnav_c1,0,vaishanv_c1,1167,21r01a05c1,0,NaN%
762,21r01a05c3,cmrit25_21r01a05c3,765,sripadhasubest,0,0,sripadhasudharshan1,0,sripadha03,1107,sripadha03,0,NaN%
763,21r01a05f7,,0,kaushik5f7,0,0,kaushik5f7,0,kaushik5f7,937,kaushik5f7,0,NaN%
764,21r01a05f8,cmrit25_21r01a05f8,0,21r01ao5f8,10,15,21r01a05f8,0,abhiram5f8,812,@21r01a05f8,0,NaN%
765,21r01a05g1,cmrit25-21r01a05g1,0,21r01a05g1,0,10,geetha75,0,21r01a05g1,0,21r01a05g1,20,NaN%
766,21r01a05l2,cmrit25_21r01a05l2,372,21r01a2nbs,0,0,21r01a05l2,0,r01a05l2,0,21r01a05l2,15,NaN%
767,21r01a05l8,,0,eeshapingili,0,0,21r01a05l8,0,eeshapingili,0,pingilieesha,0,NaN%
768,21r01a05m0,saitejareddy,0,saitejareddy,0,283,saitejareddy,0,saitejareddy,0,21r01a05m0,10,NaN%
769,21r01a05n1,,0,,0,0,rahul05n1,0,rahul05n1,626,rahul05n1,0,NaN%
770,22r05a0506,,0,,0,0,,0,,0,siddu,0,NaN%
771,22r05a0508,22r05a0508,855,22r05a57wl,0,25,22r05a0508,0,mahendar_mahi,925,22r05a0508,40,NaN%
772,22r05a0511,22r05a0511p,367,22r05a0511,0,0,,0,22r05a0511,0,ganapathisandeep22r05a0511,0,NaN%
773,22r05a0517,boy_123,877,22r05a0517,30,2,22r05a0517,0,varun43,1146,goudvarun495,0,NaN%
774,21r01a6603,vamshi6603,0,21r01a6603,0,0,vamshi,0,vamshi6603,0,21r01a6603@cmritonline.ac.in,0,NaN%
775,21r01a6660,,0,,0,0,,0,,0,,0,NaN%
776,21r01a6671,,0,,0,0,,0,,0,,0,NaN%
777,21r01a6686,cmr_21r01a6686,0,21r01a5xsm,70,0,csm_21r01a6686,0,cmr_21r01a6686,1130,@21r01a6686,0,NaN%
778,21r01a66d0,21r01a66d0,0,,0,0,,0,,0,21r01a66d0,55,NaN%
779,21r01a66e8,,0,,0,0,,0,,0,,0,NaN%
780,21r01a66k2,,0,,0,0,,0,,0,,0,NaN%
781,22r05a6601,,0,dinesh,0,0,dinesh,0,dinesh,0,dineshbathula,0,NaN%
782,22r05a6602,,0,bhukya_sumam,0,0,suman@123,0,,0,suman,0,NaN%
783,21r01a7337,,0,,0,0,,0,,0,,0,NaN%
784,21r01a7349,,0,,0,0,,0,harshitha_75,0,,0,NaN%
785,21r01a7356,21r01a7356,359,21r01a7356,10,25,21r01a7356,0,cmr_21r01a7356,1223,21r01a7356,216,NaN%
786,22r05a7306,22r05a7306,578,22r05acyc5,0,10,22r05a7306,0,praveen_kuchi,941,praveenkumarkuchi,0,NaN%
787,21r01a6709,,0,,0,0,,0,,0,,0,NaN%
788,21r01a6733,cmrit25_21r01a6733,576,21r01a6733,0,13,21r01a6733,0,cmr_21r01a6733,1178,21r01a6733,127,NaN%
789,21r01a6736,l.premchand,0,l.premchand,0,0,l.premchand,0,l.premchand,0,l.premchand,0,NaN%
790,21r01a6799,saikrishna_25,748,21r01a6799,0,0,21r01a6799,0,r01a6799,1217,21r01a6799,15,NaN%
791,21r01a67a2,21r01a67a2,578,21r01a67a2,0,8,21r01a67a2,0,cmr_21r01a67a2,1031,21r01a67a2,45,NaN%
792,21r01a67a3,cmrit25_21r01a67a3,828,21r01aebz4,0,0,21r01a67a3,0,v21r01a67a3,1102,21r01a67a3,25,NaN%
793,21r01a67a5,adithya25,373,,0,0,adithyaa5,0,adithya_a5,1018,21r01a67a5@cmritonline.ac.in,0,NaN%
794,21r01a67c1,cmrit25_21r01a67c1,375,21r01a67c1,0,0,21r01a67c1p,0,pashac1,0,21r01a67c1p,0,NaN%
795,21r01a67d2,,0,21r01a67d2,0,0,21r01a67d2,0,cmr_21r01a67d2,1293,21r01a67d2,7,NaN%
796,21r01a67e9,21r01a67e9,0,21r01a67e9,20,0,21r01a67e9,0,srikavya67e9,1257,21r01a67e9,32,NaN%
797,21r01a67h8,cmrit25_21r01a67h8,0,21r01a67h8,0,9,bhavya67h8,0,bhavya67h8,1298,21r01a67h8,122,NaN%
798,21r01a67j4,cmrit2025_21r01a67j4,0,21r01a67j4nandakishore,9,13,21r01a67j4,0,nanda_2403,776,21r01a67j4,164,NaN%
799,21r01a67k2,,0,,0,0,,0,,0,,0,NaN%
800,22r05a6701,22r05a6701,630,22r05a7tt4,10,10,srinithreddy_3,0,srinithreddy3,1300,srinith_3,44,NaN%
801,22r05a6706,22r05a6706,709,laxman06,0,6,22r05a6706,0,laxman019,1147,22r05a6706,57,NaN%
802,22r05a6717,cmrit25_22r05a6717,0,22r05afiff,0,0,22r05a6717,0,vishnu717,1161,22r05a6717,22,NaN%
803,21r01a0401,,0,21r01asn26,0,0,,0,a21r01a0401,1306,21r01a0401,60,NaN%
804,21r01a0404,21r01a0404,0,21r01awmab,0,0,21r01a0404,0,v21r01a0404,1405,21r01a0404,5,NaN%
805,21r01a0415,21r01a0415,0,21r01a0415,30,2,21r01a0415,0,s21r01a0415,1360,21r01a0415,13,NaN%
806,21r01a0438,21r01a0438,0,21r01a0438,0,0,21r01a0438,0,21r01a0438,0,21r01a0438,42,NaN%
807,21r01a0451,cmrit25_21r01a0451,428,21r01a0451,10,0,21r01a0451,0,v21r01a0451,670,21r01a0451,35,NaN%
808,21r01a0452,cmrit25_21r01a0452,0,21r01a0452,0,0,21r01a0452,0,cmr_21r01a0452,0,21r01a0452,78,NaN%
809,21r01a0453,cmrit25_21r01a0453,0,,0,0,21r01a0453,0,hanvitha_10,1224,21r01a0453,101,NaN%
810,21r01a0472,,0,,0,0,,0,,0,,0,NaN%
811,21r01a0486,cmrit25_21r01a0486,581,chennaraoxzce,0,0,chennaraogurrala,0,gchennarao,1184,21r01a0486,30,NaN%
812,21r01a0499,,0,,0,0,,0,,0,,0,NaN%
813,21r01a04a0,cmrit25_21r01a04a0,369,21r01aoras,9,0,tharun4a0,0,thar21r01a04a0,752,21r01a04a0,55,NaN%
814,21r01a04a7,21r01a04a7,0,21r01a2dam,0,0,21r01a04a7,0,saikumar37,1078,21r01a04a7,119,NaN%
815,21r01a04b0,cmrit25_21r01a04b0,0,21r01aqt3k,0,0,21r01a04b0,0,kranthi_2612,0,21r01a04b0,5,NaN%
816,21r01a04c0,21r01a04c0,0,21r01a04c0,0,0,21r01a04c0,0,21r01a04c0,0,21r01a04c0,45,NaN%
817,21r01a04c4,,0,21r01a04c4,0,0,21r01a04c4,0,cmr_21r01a04c4,0,21r01a04c4,5,NaN%
818,21r01a04e9,cmrit25_21r01a04e9,0,21r01a04e9,0,0,21r01a04e9,0,r01a04e9,971,sathwik_17,212,NaN%
819,21r01a04g1,,0,21r01a04g1,0,0,21r01a04g1,0,k21r01a04g1,816,21r01a04g1,45,NaN%
820,21r01a04h2,21r01a04h2,0,gowtham_h2,0,0,21r01a04h2,0,gowtham_h2,1125,21r01a04h2,25,NaN%
821,21r01a04h4,cmrit25_21r01a04h4,373,21r01a04h4,189,7,21r01a04h4,0,pavan_h4,1393,21r01a04h4,5,NaN%
822,21r01a04p6,cmrit25_21r01a04p6,573,,0,0,21r01a04p6,0,cmr_21r01a04p6,1131,21r01a04p6,55,NaN%
823,21r01a04q6,cmrit25_21r01a04q6,0,,0,0,rishitha_27,0,rishitha_27,988,21r01a04q6,30,NaN%
824,21r01a04r3,cmrit25_21r01a04r3,0,,0,0,21r01a04r3,0,d21r01a04r3,1287,@21r01a04r3,0,NaN%
825,22r05a0417,,0,,0,0,,0,,0,pranayteja,0,NaN%
826,21r01a7204,ajay7037,0,,0,0,,0,r01a7204,686,,0,NaN%
827,21r01a7219,cmrit25_21r01a7219,725,21r01a7219,0,0,cmr_21r017219,0,cmr_21r01a7219,1288,21r01a7219,36,NaN%
828,21r01a7232,cmrit25_21r01a7232,746,21r01a7232,0,0,jaddu_deviram,0,cmr_21r01a7232,1248,21r01a7232,5,NaN%
829,21r01a7237,cmrit25_21r01a7237,402,arunreddy26,30,0,21r01a7237,0,arunreddy26,1053,21r01a7237,5,NaN%
830,21r01a7249,ace_22,0,ace2207,0,0,kamal_mudiraj_,0,ace_223,1205,ace_22.,0,NaN%
831,22r05a7201,,0,,0,0,,0,,0,,0,NaN%
832,22r05a7203,cmrit25_22r05a7203,0,@22r05a7203,0,0,shravansanjay,0,shravansanjay,830,@22r05a7203,0,NaN%
833,21r01a0506,21r01a0506,582,21r01a4d53,0,0,21r01a0506,0,sriram78,1100,21r01a0_506,10,NaN%
834,21r01a05a4,cmrit25_21r01a05a4,830,21r01a05a4,30,4,vishnu_morapally,0,vishnu_a4,1107,21r01a05a4,35,NaN%
835,21r01a05a7,,0,,0,0,,0,,0,,0,NaN%
836,21r01a05a9,21r01a05a9,0,21r01a05a9,10,2,21r01a05a9,0,varshith,0,21r01a05a9,0,NaN%
837,21r01a05c7,cmrit25_21r01a05c7,385,v_siddharth38,10,3,siddharth3838,0,siddharth3838,1243,@21r01a05c7,0,NaN%
838,21r01a05e8,,0,,0,0,,0,,0,ashwitha_59,0,NaN%
839,21r01a05q0,s_5q0,0,21r01a05q0,0,0,21r01a05q0,0,sai5q0,942,21r01a05q0,0,NaN%
840,21r01a6604,cmrit_21r01a6604,0,ranjeeth_123,0,0,21r01a6604,0,ranjeeth_123,984,21r01a6604,10,NaN%
841,21r01a6639,cmrit_21r01a6639,354,21r01aypux,0,26,cmrit_21r01a6639,0,udaycharan6639,987,21r01a6639,55,NaN%
842,21r01a6649,cmrit25_21r01a6649,806,vinay2605,0,16,vinay2605,0,vinay2605,1094,21r01a6649,110,NaN%
843,21r01a6662,,0,,0,0,,0,,0,,0,NaN%
844,21r01a6694,,0,,0,0,,0,,0,,0,NaN%
845,21r01a66a7,cmrit25_21r01a66a7,859,21r01ahd2u,0,15,21r01a66a7,0,nnithin,778,21r01a66a7,120,NaN%
846,21r01a66a8,cmrit25_21r01a66a8,874,21r01a3yvp,168,51,raju_9,0,raju_2003,1330,21r01a66a8,142,NaN%
847,21r01a66b6,cmrit25_21r01a66b6,734,21r01ant7h,10,0,21r01a66b6,0,cmr_21r01a66b6,1042,21r01a66b6,70,NaN%
848,21r01a66b7,,0,,0,0,,0,,0,,0,NaN%
849,21r01a66c0,,0,sushmitharekha,0,0,rekhasushmitha,0,sushmitharekha,633,sushmitharekha,0,NaN%
850,21r01a66d3,,0,21r01a62wc,0,1,,0,cmr_21r01a66d3,0,21r01a66d3,0,NaN%
851,21r01a66d8,,0,,0,0,,0,,0,,0,NaN%
852,21r01a66e1,,0,,0,0,21r01a66e1,0,vardhan_29,0,vardhan_29,0,NaN%
853,21r01a66e7,,0,,0,0,,0,,0,,0,NaN%
854,21r01a66f3,cmrit25_21r01a66f3,380,21r01a66f3,0,35,akashreddy_gunnala,0,akashreddygunn,789,@21r01a66f3,0,NaN%
855,21r01a66f7,,0,,0,0,,0,,0,,0,NaN%
856,21r01a66h4,,0,,0,0,shivateja_54,0,shiva54,0,21r01a66h4,30,NaN%
857,22r05a6607,,0,,0,0,jashwanth03,0,jashwanth_03,0,22r05a6607,5,NaN%
858,22r05a6615,,0,22r05ah2t0,0,0,,0,mounith_reddy,0,22r05a6615,15,NaN%
859,22r05a6616,,0,,0,0,,0,,0,,0,NaN%
860,21r01a7303,21r01a7303,0,,0,0,aletiruchitha,0,,0,21r01a7303,35,NaN%
861,21r01a7326,cmrit25_21r01a7326,362,21r01a7326,0,0,21r01a7326,0,21r01a7326,0,21r01a7326,0,NaN%
862,21r01a7338,,0,,0,0,,0,,0,,0,NaN%
863,21r01a7355,,0,,0,0,,0,mesiddhartharl,1206,me_siddhartharl,0,NaN%
864,21r01a6753,,0,,0,0,,0,,0,,0,NaN%
865,21r01a6770,21r01a6770,567,,0,0,21r01a6770,0,cmrit2025_21r01a6770,0,21r01a6770,35,NaN%
866,21r01a6774,cmrit25_21r01a6774,355,21r01a6774,0,0,,0,r01a6774,1135,,0,NaN%
867,21r01a6789,cmrit_21r01a6789,377,21r01atc3f,0,0,21r01a6789,0,vijay_6789,965,,0,NaN%
868,21r01a6792,,0,,0,0,,0,,0,,0,NaN%
869,21r01a6794,cmrit25_21r01a6794,757,21r01a83ys,70,4,trishareddy,0,trishareddy94,1203,21r01a6794,0,NaN%
870,21r01a67c8,21r01a67c8,752,,0,0,,0,moneycharan4,919,21r01a67c8,283,NaN%
871,21r01a67j9,,0,,0,0,,0,,0,,0,NaN%
872,22r05a6702,cmrit25_22r05a6702,814,praneeth702,191,39,22r05a6702,0,praneeth702,1409,22r05a6702,23,NaN%
873,22r05a6709,,0,,0,0,,0,,0,,0,NaN%
874,22r05a6712,,0,,0,0,sukumar7796,0,,0,,0,NaN%
875,22r05a6714,22r05a6714,0,22r05a6714,0,0,aravind714,0,aravindpuli,1038,22r05a6714,15,NaN%
876,21r01a0408,,0,,0,0,,0,s_21r01a0408,1163,21r01a0408,79,NaN%
877,21r01a0426,cmrit25_21r01a0426,693,21r01a0426,58,1007,21r01a0426,0,r01a0426,1308,21r01a0426,644,NaN%
878,21r01a0427,,0,21r01azy8a,0,0,kpoojitha,0,r01a0427,0,21r01a0427,62,NaN%
879,21r01a0432,cmrit25_21r01a0432,609,21r01a0432,40,15,sanjaymallikarjuna28,0,sanjuz16,1485,21r01a0432,54,NaN%
880,21r01a0454,sanjay,0,,0,0,,0,,0,21r01a0454,114,NaN%
881,21r01a0457,cmrit25_21r01a0457,572,21r01a0457,0,37,21r01a0457,0,21r01a0457,0,21r01a0457,161,NaN%
882,21r01a0490,21r01a0490,0,21r01afled,0,0,21r01a0490,0,mani40,689,21r01a0490,60,NaN%
883,21r01a04c9,cmrit25_21r01a04c9,0,21r01a04c9,0,0,surya_21r01a04c9,0,surya_04c9,1085,21r01a04c9,5,NaN%
884,21r01a04d1,,0,,0,0,rasagna_123,0,21r01a04d1,0,21r01a04d1,75,NaN%
885,21r01a04e4,,0,,0,0,,0,,0,,0,NaN%
886,21r01a04h8,cmrit25_21r01a04h8,0,,0,0,,0,,0,21r01a04h8,69,NaN%
887,21r01a04j4,21r01a04j4,0,,0,0,21r01a04j4,0,karthik_4j4,0,21r01a04j4,30,NaN%
888,21r01a04j9,,0,,0,0,,0,,0,,0,NaN%
889,21r01a04k2,,0,,0,0,,0,,0,,0,NaN%
890,21r01a04k6,,0,,0,0,,0,,0,,0,NaN%
891,21r01a04l0,,0,,0,0,,0,,0,21r01a04l0,10,NaN%
892,21r01a04m1,cmrit_21r01a04m1,0,21r01a04m1,0,12,21r01a04m1,0,shalini76,1048,cmrit_21r01a04m1,107,NaN%
893,21r01a04p4,shivacharan27,0,21r01a04p4,0,0,,0,cmr_21r01a04p4,0,21r01a04p4,0,NaN%
894,21r01a04q2,21r01a04q2,0,21r01a04q2,0,0,s_21r01a04q2,0,s_21r01a04q2,725,,0,NaN%
895,21r01a04r0,21r01a04r0,0,21r01a04r0,0,0,cmrit4r0,0,cmrit4r0,912,21r01a04r0,62,NaN%
896,22r05a0406,cmrit25_22r05a0406,879,22r05a8g5o,20,1,22r05a0406,0,akhilreddy_13,1389,22r05a0406,68,NaN%
897,22r05a0423,cmrit25_22r05a0423,394,22r05a0423,10,4,22r05a0423,0,,0,22r05a0423,49,NaN%
898,21r01a7221,,0,,0,0,,0,,0,,0,NaN%
899,21r01a7230,,0,,0,0,,0,,0,,0,NaN%
900,21r01a7234,,0,,0,0,,0,,0,,0,NaN%
901,21r01a0576,21r01a0576@cmritonline.ac.in,0,21r01atl21,0,1,sathwik_576,0,sathwik76,1061,21r01a0576@cmritonline.ac.in,0,NaN%
902,21r01a05b4,cmrit25_21r01a05b4,0,,0,0,,0,dheeraj_mithra,671,21r01a05b4,0,NaN%
903,21r01a05b8,cmrit25_21r01a05b8,841,21r01a05b8,0,16,21r01a05b8,0,haneefa215b8,1041,21r01a05b8,50,NaN%
904,21r01a05b9,,0,21r01abng1,0,0,21r01a05b9,0,kiran5b9,961,21r01a05b9,20,NaN%
905,21r01a05c5,cmrit25_21r01a05c5,0,21r01a05c5,10,9,21r01a05c5,0,v_sruthi20,1127,21r01a05c5,120,NaN%
906,21r01a05h5,,0,,0,0,,0,,0,,0,NaN%
907,21r01a05r2,,0,,0,0,,0,,0,,0,NaN%
908,22r05a0516,m.vamshi22r05a0516,0,22r05a0516,0,0,22r05a0516,0,vamshi9989,800,m.vamshi22r05a0516,0,NaN%
909,21r01a6643,,0,,0,0,,0,,0,,0,NaN%
910,21r01a66b9,21r01a66b9,0,21r01apkr1,0,0,21r01a66b9,0,prabhathrakam,1005,21r01a66b9,15,NaN%
911,21r01a66g8,,0,,0,0,,0,,0,,0,NaN%
912,21r01a66h7,,0,,0,0,,0,,0,21r01a66h7,70,NaN%
913,21r01a7323,,0,,0,0,,0,,0,,0,NaN%
914,21r01a7346,kittu7346,0,kittu7346,0,0,kittu7346,0,kittu7346,771,kittu7346,0,NaN%
915,21r01a7359,,0,,0,0,,0,,0,,0,NaN%
916,22r05a7303,chithram_saiteja,567,22r05aofi8,59,0,cmrit25_22r05a7303,0,sai_1211,1239,22r05a7303,65,NaN%
917,21r01a6723,,0,,0,0,,0,,0,,0,NaN%
918,21r01a6748,,0,,0,0,,0,,0,,0,NaN%
919,21r01a6779,,0,,0,0,,0,,0,,0,NaN%
920,21r01a67j2,21r01a67j2,0,21r01aud18,10,0,21r01a67j2,0,anirudh27,0,21r01a67j2,25,NaN%
921,21r01a67j6,cmrit-21r01a67j6,0,3,0,263,,0,tsujan,950,sujan,0,NaN%
922,22r05a6707,kumaraswamy,0,,0,0,,0,kumaraswamy,0,kumaraswamy,0,NaN%
923,22r05a6708,cmrit25_22r05a6708,347,cmr_22r05a6708,0,0,cmr_22r05a6708,0,cmr_22r05a6708,969,22r05a6708,25,NaN%
924,21r01a0429,cmrit25_21r01a0429,666,21r01a0429,179,38,21r01a0429,0,cmr_21r01a0429,1251,21r01a0429,15,NaN%
925,21r01a0433,cmrit25-21r01a0433,428,21r01a0433,40,2,manojkumar25_,0,manojkumar_25,992,21r01a0433,20,NaN%
926,21r01a0462,,0,,0,0,,0,,0,,0,NaN%
927,21r01a04e8,,0,,0,0,,0,,0,,0,NaN%
928,21r01a04g9,cmrit2025_21r01a04g9,0,21r01ah3iu,0,0,21r01a04g9,0,cmr_21r01a04g9,0,21r01a04g9,65,NaN%
929,21r01a04h0,cmrit25_21r01a04h0,351,,0,0,21r01a04h0,0,ram_21r01a04h0,1216,21r01a04h0,45,NaN%
930,21r01a04h6,,0,,0,0,,0,,0,,0,NaN%
931,21r01a04j3,,0,,0,0,,0,,0,,0,NaN%
932,21r01a04j5,cmrit25_21r01a04j5,0,21r01a04j5,30,0,21r01a04j5,0,tanirudh,1297,21r01a04j5,0,NaN%
933,21r01a04j7,cmrit25_21r01a04j7,0,21r01a04j7,0,0,21r01a04j7,0,uppu_shravya,1023,21r01a04j7,65,NaN%
934,21r01a04l5,,0,21r01a04l5,0,0,,0,chandan,0,21r01a04l5,5,NaN%
935,21r01a04m6,nithin4545,0,yadavnitqd2d,0,0,nithin4545,0,nithin4545,925,gollanithin,0,NaN%
936,21r01a04n5,,0,,0,0,,0,,0,,0,NaN%
937,21r01a04r1,,0,21r01a04r1,0,0,21r01a04r1,0,21r01a04r1,0,21r01a04r1,7,NaN%
938,22r05a0422,cmrit25_22ro5a0422,0,22r05a0422,0,0,22r05a0422,0,cmr_22r05a0422,1047,22r05a0422,83,NaN%
939,21r01a7211,cmrit25_21r01a7211,0,,0,0,21r01a7211,0,21r01a7211deepak,0,,0,NaN%
940,21r01a7216,,0,,0,0,,0,,0,,0,NaN%
941,22r05a7205,cmrit25_22r05a7205,0,adithya_2609,0,0,22r05a7205,0,22r05a7205@cmritonline.ac.in,0,cmrit25-22a05a7205,0,NaN%
942,21r01a0503,,0,21r01a3qwb,0,0,21r01a0503,0,hrithik55,0,@21r01a0503,0,NaN%
943,21r01a0522,,0,,0,0,,0,solomonsolo,894,,0,NaN%
944,21r01a0542,,0,,0,0,,0,dharmesh14,0,dharmesh14,0,NaN%
945,21r01a0554,cmrit25_21r01a0554,810,r01a0554cmr,0,0,r01a0554cmr,0,r01a0554cmr,1055,cmr_21r01a0554,0,NaN%
946,21r01a05b1,,0,,0,0,,0,,0,,0,NaN%
947,21r01a05b5,,0,,0,0,,0,,0,,0,NaN%
948,21r01a05c6,,0,21r01a05c6,0,0,21r01a05c6,0,mani_shankar,1149,21r01a05c6,0,NaN%
949,21r01a05e9,,0,,0,0,,0,,0,,0,NaN%
950,21r01a05j9,21r01a05j9,581,21r01a05j9,40,25,21r01a05j9,0,cmr_21r01a05j9,882,21r01a05j9,5,NaN%
951,21r01a05k4,,0,,0,0,,0,,0,,0,NaN%
952,21r01a05p7,cmrit25_21r01a05p7,0,21r01a05p7,0,0,21r01a05p7,0,cmr_21r01a05p7,0,cmr_21r01a05p7,10,NaN%
953,21r01a6656,,0,,0,0,,0,,0,,0,NaN%
954,21r01a6659,,0,,0,0,,0,,0,,0,NaN%
955,21r01a6667,21r01a6667,0,21r01an2ws,0,19,21r01a6667,0,loukik24,0,21r01a6667,198,NaN%
956,21r01a66g6,,0,,0,0,,0,,0,,0,NaN%
957,22r05a6606,,0,,0,0,,0,,0,,0,NaN%
958,21r01a7334,21r01a7334,359,,0,0,21r01a7334,0,madhangoud34,1282,21r01a7334,5,NaN%
959,21r01a7361,,0,21r01aq0so,0,6,turpatipranit,0,p21r01a7361,779,@21r01a7361,0,NaN%
960,21r01a6705,banothulaxmipathibalaji,0,balaji,0,0,,0,balaji_54,880,21r01a7205,42,NaN%
961,21r01a6729,,0,jellasherry,0,0,jellasherry,0,,0,jellasherry,0,NaN%
962,21r01a6747,,0,,0,0,,0,,0,,0,NaN%
963,21r01a6778,,0,21r01a6778,0,0,21r01a6778,0,dhari2003,1097,@21r01a6778,0,NaN%
964,21r01a67a1,21r01a67a1,575,21r01arlco,0,0,21r01a67a1,0,nikhi05,1034,21r01a67a1,10,NaN%
965,21r01a67a9,raghava_04,0,,0,0,raghava_04,0,raghava_04,1095,21r01a67a9,0,NaN%
966,21r01a67b0,,0,,0,0,,0,,0,,0,NaN%
967,21r01a0402,21r01a0402,449,21r01a0402,49,2,21r01a0402,0,harneeth45,625,@21r01a0402,0,NaN%
968,21r01a0412,,0,,0,0,21r01a0412,0,prashanth412,890,@21r01a0412,0,NaN%
969,21r01a0445,thribhuvan467,0,thribhu445,0,0,thribhuvan_123,0,thribhuvan_123,877,21r01a0445,65,NaN%
970,21r01a0488,21r01a0488@cmritonline.ac.in,0,21r01a0488@cmritonline.ac.in,0,0,21r01a0488,0,21r01a0488,0,21r01a0488,95,NaN%
971,21r01a04c1,,0,,0,0,,0,,0,,0,NaN%
972,21r01a04e3,cmrit_2521r01a04e3,614,21r01ay9hv,40,0,anilkumar_4e3,0,anilkumar4e3,1151,21r01a04e3,40,NaN%
973,21r01a04l1,,0,,0,0,rahul04l1,0,21r01a04l1@cmritonline.ac.in,0,21r01a04l1,12,NaN%
974,21r01a04m4,,0,kavyanjali,0,0,,0,,0,,0,NaN%
975,21r01a04m8,,0,,0,0,,0,,0,,0,NaN%
976,21r01a04q0,,0,,0,0,,0,,0,,0,NaN%
977,21r01a04r6,cmrit25_21r01a04p6,573,,0,0,,0,,0,,0,NaN%
978,21r01a7226,21r01a7226,0,,0,0,,0,goutham60,623,,0,NaN%
979,21r01a0505,,0,,0,0,,0,,0,,0,NaN%
980,21r01a0515,cmrit2025_21r01a0515,0,21r01a7db5,0,0,ch.arunkumar,0,ch.arunkumar,0,21r01a0515,15,NaN%
981,21r01a0530,21r01a0530,0,21r01anoiv,0,0,21r01a0530,0,gnanavardhan,784,21r01a0530,5,NaN%
982,21r01a0592,yaswanthnaidu4,573,,0,0,21r01a0592,0,yaswanthnaidu4,961,21r01a0592,0,NaN%
983,21r01a0594,shivasai_03,0,kondabattulaojvq,0,0,kondabattulashivasai143,0,shivasai_28,1254,cse_21r01a0594,0,NaN%
984,21r01a05e7,,0,,0,0,,0,dev21r01a05e7,0,devimrinal21r01a05e7,0,NaN%
985,21r01a05f4,21r01a05f4,0,21r01a05f4,30,2,21r01a05f4,0,cmrit25_21r01a05f4,0,21r01a05f4,56,NaN%
986,21r01a05l7,,0,,0,0,,0,,0,,0,NaN%
987,21r01a05n2,cmrit25-21r01a05n2,0,21r01a05n2,0,0,cmr_21r01a05n2,0,yashwanth5n2,852,21r01a05n2,5,NaN%
988,21r01a05q6,cmrit25_21r01a05q6,0,,0,0,,0,,0,,0,NaN%
989,22r05a0523,,0,,0,0,,0,,0,,0,NaN%
990,21r01a6684,,0,,0,0,,0,,0,,0,NaN%
991,21r01a66j6,,0,21r01a66j6,0,0,,0,rohan_setti,0,21r01a66j6,0,NaN%
992,21r01a7305,,0,,0,0,,0,,0,,0,NaN%
993,21r01a7325,,0,,0,0,21r01a7325,0,cmr_21r01a7325,1076,21r01a7325,30,NaN%
994,21r01a7331,,0,,0,0,,0,,0,,0,NaN%
995,21r01a7339,,0,,0,0,,0,,0,,0,NaN%
996,21r01a6754,,0,,0,0,,0,,0,,0,NaN%
997,21r01a67c3,cmrit25_21r01a67c3,0,21r01aomo4,10,0,21r01a67c3,0,,0,21r01a67c3,0,NaN%
998,21r01a67c4,,0,,0,0,,0,,0,21r01a67c4,0,NaN%
999,21r01a67c9,,0,,0,0,,0,,0,,0,NaN%
1000,21r01a67g7,,0,,0,0,,0,,0,,0,NaN%
1001,22r05a6710,,0,,0,0,,0,,0,,0,NaN%
1002,21r01a04a9,,0,pillisanjay,0,0,sanjay,0,pillisanjay,0,21r01ao4a9,0,NaN%
1003,21r01a04b6,,0,,0,0,,0,,0,,0,NaN%
1004,21r01a04b9,21r01a04b9_dilipkumar,0,21r01a04b9,0,0,21r01a04b9,0,dilipkumar_4b9,0,seggamdilipkumar_21r01a04b9,0,NaN%
1005,21r01a04e5,,0,,0,0,,0,,0,,0,NaN%
1006,21r01a04f9,cmrit25_21r01aa04f9,0,,0,0,21r01a04f9,0,r01a04f9,1017,21r01a04f9,0,NaN%
1007,21r01a04j1,shadabshaik,0,,0,0,,0,,0,,0,NaN%
1008,21r01a04k8,,0,,0,0,,0,,0,21r01a04k8,73,NaN%
1009,21r01a04n4,cmrit_21r01a04n4,0,21r01a04n4,0,0,21r01a04n4,0,pavanjukuntla,0,21r01a04n4,60,NaN%
1010,22r05a0424,,0,,0,0,,0,,0,,0,NaN%
1011,21r01a7256,cmrit_21r01a7256,0,21r01a7256,0,0,21r01a7256,0,r01a7256,1102,21r01a7256,5,NaN%
1012,21r01a0525,21r01a0525_harshini123,0,21r01au525,0,0,g.harshini,0,gharshini123,1088,21r01a0525,51,NaN%
1013,21r01a0526,,0,,0,0,,0,,0,,0,NaN%
1014,21r01a05h1,,0,,0,0,,0,,0,,0,NaN%
1015,21r01a05p2,,0,,0,0,,0,,0,,0,NaN%
1016,21r01a05q4,21r01a05q4,0,21r01a05q4,0,0,21r01a05q4,0,nikhilesh5q4,866,@21r01a05q4,0,NaN%
1017,22r05a0519,22r05a0519,0,22r05aqyzx,30,11,cmr25_srinu519,0,srinivas_189,1142,22r05a0519,53,NaN%
1018,21r01a6628,,0,,0,0,,0,,0,,0,NaN%
1019,21r01a66h9,,0,dinesh_4675,0,0,,0,dinesh_4675,0,dinesh_4675,0,NaN%
1020,22r05a6605,,0,nandini,0,0,,0,,0,nandini,0,NaN%
1021,21r01a7314,,0,,0,0,,0,,0,,0,NaN%
1022,22r05a7301,jayanth,1418,jayanth,0,0,jayanth,0,jayanth,0,jayanth,0,NaN%
1023,21r01a6730,,0,,0,0,srikesh_30,0,srikesh30q,1024,,0,NaN%
1024,21r01a6735,,0,,0,0,,0,,0,,0,NaN%
1025,21r01a6749,,0,,0,0,,0,,0,,0,NaN%
1026,21r01a0459,,0,,0,0,,0,,0,@21r01a0459,0,NaN%
1027,21r01a04a6,21r01a04a6,0,21r01a04a6,0,5,narasimha_4a6,0,narasimha4a6,768,21r01a04a6,137,NaN%
1028,21r01a04c5,,0,,0,0,,0,,0,,0,NaN%
1029,21r01a04d0,cmr_21r01a04d0,0,,0,0,21r01a04d0,0,rajeshpatel04,951,21r01a04d0,22,NaN%
1030,21r01a04d4,,0,,0,0,,0,,0,,0,NaN%
1031,21r01a04e2,,0,,0,0,,0,,0,,0,NaN%
1032,21r01a04f5,,0,,0,0,,0,,0,,0,NaN%
1033,21r01a04g8,,0,,0,0,,0,,0,,0,NaN%
1034,21r01a04n0,,0,,0,0,,0,,0,,0,NaN%
1035,21r01a04n7,,0,,0,0,,0,nareshkn971,0,,0,NaN%
1036,21r01a7212,,0,b.anil,0,0,b.anil,0,b.anil,0,,0,NaN%
1037,21r01a7217,,0,,0,0,,0,,0,,0,NaN%
1038,21r01a0511,21r01a0511,361,21r01ae5x9,0,0,,0,,0,21r01a0511,38,NaN%
1039,21r01a05k2,tejaa89,654,,0,0,,0,,0,@21r01a05k2,0,NaN%
1040,21r01a05l3,,0,21r01a05l3,10,2,21r01a05l3,0,viswas14,1131,21r01a05l3,0,NaN%
1041,21r01a6612,cmrit25_21r01a6612,583,21r01awdt9,0,23,21r01a6612,0,anuragvamshi,897,21r01a6612,135,NaN%
1042,21r01a6651,,0,,0,0,,0,,0,,0,NaN%
1043,21r01a6695,,0,,0,0,,0,,0,,0,NaN%
1044,21r01a66f9,cmrit25_21r01a66f9,773,21r01a66f9,67,4,21r01a66f9,0,nithin421,1307,21r01a66f9,29,NaN%
1045,21r01a66g7,,0,,0,0,,0,,0,,0,NaN%
1046,21r01a66k4,,0,21r01a66k4,0,0,,0,srija_66,0,21r01a66k4,75,NaN%
1047,21r01a6771,cmrit25_21r01a6771,0,21r01a6771,0,0,21r01a6771p,0,r01a6771,0,21r01a6771,0,NaN%
1048,21r01a0447,21r01a0447@cmritonline.ac.in,0,ragula,0,0,ajay447,0,21r01a0447,0,21r01a0447,15,NaN%
1049,21r01a04f2,jogannagariarunreddy,0,jogannagariarunreddy,0,0,,0,jogannagariarunreddy,0,jogannagariarun,0,NaN%
1050,21r01a04j2,,0,,0,0,,0,,0,,0,NaN%
1051,21r01a04k3,,0,,0,0,,0,,0,,0,NaN%
1052,21r01a04q9,21r01a04q9,0,,0,0,,0,,0,cmrit_21r01a04q9,15,NaN%
1053,21r01a05d0,,0,akarthikreddy,0,0,alampallykarthikreddy,0,alampallykarthikreddy,0,karthik5d0,0,NaN%
1054,21r01a05k9,,0,,0,0,,0,,0,,0,NaN%
1055,21r01a66f6,,0,,0,0,,0,,0,,0,NaN%
1056,21r01a7335,,0,,0,0,,0,,0,,0,NaN%
1057,21r01a6726,,0,,0,0,,0,,0,,0,NaN%
1058,21r01a6741,,0,,0,0,,0,,0,,0,NaN%
1059,22r05a6718,,0,,0,0,,0,,0,,0,NaN%
1060,21r01a0407,,0,,0,0,,0,,0,,0,NaN%
1061,21r01a04g3,,0,,0,0,,0,,0,,0,NaN%
1062,21r01a04h3,,0,,0,0,,0,,0,,0,NaN%
1063,21r01a04j6,,0,,0,0,,0,,0,,0,NaN%
1064,21r01a04k5,,0,,0,0,,0,,0,,0,NaN%
1065,21r01a04l6,,0,,0,0,,0,,0,,0,NaN%
1066,21r01a04n8,udayyyyyy,0,,0,0,,0,,0,,0,NaN%
1067,21r01a04p3,,0,,0,0,,0,,0,,0,NaN%
1068,21r01a0537,21r01a0537,0,21r01a0537cmrit,0,13,21r01a0537,0,sowmya37,1085,21r01a0537,3,NaN%
1069,21r01a6646,,0,,0,0,,0,,0,,0,NaN%
1070,21r01a66d7,,0,,0,0,,0,,0,,0,NaN%
1071,21r01a7304,,0,,0,0,,0,,0,,0,NaN%
1072,21r01a7324,r01a7324,350,21r01ajyys,10,4,21r01a7324,0,r01a7324,0,21r01a7324,0,NaN%
1073,21r01a6740,,0,,0,0,,0,,0,,0,NaN%
1074,21r01a6744,,0,,0,0,,0,,0,,0,NaN%
1075,21r01a67g5,,0,,0,0,,0,,0,,0,NaN%
1076,21r01a0437,21r01a0437,654,21r01a0437,180,52,21r01a0437,0,cmr_21r01a0437,1306,cmr_21r01a0437,0,NaN%
1077,21r01a0476,,0,,0,0,,0,,0,,0,NaN%
1078,21r01a04b4,,0,,0,0,,0,,0,,0,NaN%
1079,21r01a04n3,,0,,0,0,jaligam,0,,0,21r01a04n3,47,NaN%
1080,21r01a7243,,0,,0,0,,0,,0,,0,NaN%
1081,21r01a7254,,0,,0,0,,0,,0,,0,NaN%
1082,21r01a0512,,0,,0,0,21r01a0512,0,vijaykumar512,0,vijaykumar,0,NaN%
1083,21r01a0519,,0,,0,0,,0,abhiram24,0,,0,NaN%
1084,21r01a05f6,,0,21r01a05f6,0,0,21r01a05f6,0,cmr_21r01a05f6,0,21r01a05f6,5,NaN%
1085,21r01a05g7,,0,,0,0,,0,,0,,0,NaN%
1086,21r01a6681,,0,,0,0,,0,,0,,0,NaN%
1087,21r01a6717,sandeep,0,sandeep,0,0,sandeep,0,sandeep,0,sandeep,0,NaN%
1088,21r01a67e0,,0,,0,0,,0,,0,,0,NaN%
1089,21r01a0403,,0,,0,0,,0,,0,,0,NaN%
1090,21r01a0414,,0,,0,0,,0,,0,,0,NaN%
1091,21r01a0480,,0,,0,0,,0,,0,,0,NaN%
1092,21r01a04b2,,0,,0,0,,0,,0,,0,NaN%
1093,21r01a04q1,,0,,0,0,,0,,0,,0,NaN%
1094,21r01a0569,,0,,0,0,,0,,0,,0,NaN%
1095,21r01a05l5,,0,,0,0,,0,,0,,0,NaN%
1096,21r01a05l9,,0,,0,0,,0,,0,,0,NaN%
1097,21r01a05n0,,0,,0,0,,0,,0,,0,NaN%
1098,21r01a7312,,0,,0,0,,0,,0,,0,NaN%
1099,21r01a7333,,0,,0,0,,0,,0,,0,NaN%
1100,21r01a67c7,,0,,0,0,,0,,0,21r01a67c7,0,NaN%
1101,21r01a67d7,,0,,0,0,,0,,0,,0,NaN%
1102,21r01a0436,,0,,0,0,,0,,0,,0,NaN%
1103,21r01a0497,,0,,0,0,,0,,0,,0,NaN%
1104,21r01a04g6,,0,,0,0,,0,,0,,0,NaN%
1105,21r01a04h7,,0,,0,0,,0,,0,,0,NaN%
1106,21r01a04k7,,0,21r01a04k7,0,0,a21r01a04k7,0,a21r01a04k7,0,@21ro1a04k7,0,NaN%
1107,21r01a05e3,,0,,0,0,,0,,0,,0,NaN%
1108,21r01a05n3,,0,,0,0,,0,,0,,0,NaN%
1109,21r01a05p3,,0,,0,0,,0,,0,,0,NaN%
1110,21r01a0495,,0,,0,0,,0,,0,,0,NaN%
1111,21r01a04d5,,0,,0,0,,0,,0,,0,NaN%
1112,21r01a04h5,,0,,0,0,,0,,0,,0,NaN%
1113,21r01a6617,,0,,0,0,,0,,0,,0,NaN%
1114,21r01a7358,,0,,0,0,,0,,0,,0,NaN%
1115,21r01a0422,,0,,0,0,,0,,0,,0,NaN%
1116,21r01a0471,,0,,0,0,,0,,0,,0,NaN%
1117,21r01a0473,,0,,0,0,,0,,0,,0,NaN%
1118,21r01a04g7,,0,,0,0,,0,,0,,0,NaN%
1119,21r01a05q3,,0,,0,0,,0,,0,,0,NaN%
1120,21r01a05r1,,0,,0,0,,0,,0,,0,NaN%
1121,21r01a67g6,,0,,0,0,,0,,0,,0,NaN%
1122,21r01a0468,,0,21r01a0468,0,0,chanti,0,21r01a0468,0,21r01a0468,5,NaN%
1123,21r01a0469,,0,,0,0,,0,,0,,0,NaN%
1124,21r01a7341,,0,,0,0,,0,,0,,0,NaN%
1125,21r01a6759,,0,,0,0,,0,,0,,0,NaN%
1126,21r01a6767,,0,,0,0,,0,,0,,0,NaN%
1127,21r01a0411,,0,,0,0,,0,,0,,0,NaN%
1128,21r01a04h1,,0,,0,0,,0,,0,,0,NaN%
1129,21r01a7310,,0,,0,0,,0,,0,,0,NaN%
1130,21r01a67j0,,0,,0,0,,0,,0,,0,NaN%
1131,21r01a6720,,0,,0,0,,0,,0,,0,NaN%
1132,21r01a7330,,0,,0,0,,0,,0,,0,NaN%
